Thai,English,Type
ก็,Well,"Adv, Conj"
กงสุล,consul,N
กฎหมาย,law,N
ก็ได้,okay,POS
ก้น,bottom,N
กบ,frog,N
กรกฎาคม,July,N
กรง,cage,N
กรณี,case,N
กรม,department,N
กรรไกร,scissors,N
กรอบ,frame,Adj
กระจก,mirror,N
กระจาย,spread,V
กระดาน,board,N
กระดานดำ,blackboard,N
กระดาษ,paper,N
กระดาษแข็ง,cardboard,N
กระดาษชำระ,Toilet paper,N
กระดิ่ง,bell,N
กระดุม,Buttons,N
กระดูก,bone,"N, Adj"
กระโดด,jump,V
กระต่าย,rabbit,N
กระทะ,frying pan,N
กระเทียม,garlic,N
กระบอก,cylinder,"N, Class"
กระเบื้อง,tile,N
กระป๋อง,can,N
กระเป๋า,bag,N
กระเป๋าถือ,handbag,N
กระเป๋าสตางค์,wallet,N
กระโปรง,skirt,N
กระหล่ำดอก,Cauliflower,N
กรัม,gram,Class 
กรุงเทพฯ,Bangkok,N
กลม,round,Adj
กล้วย,banana,N
กล้วยไม้,orchid,N
กล้วยหอม,Banana,N
กลอง,drum,N
กล่อง,box,N
กล้องถ่ายรูป,camera,N
กล่องเล็กๆ - กลัก,small box - box,N 
กลับ,go back,V
กลับบ้าน,go home,V
กลับไป,go back,V
กลับมา,return,V
กลับรถ,Make a U-turn,V
กลัว,afraid,Adj
กล้า,brave,Adj
กลาง,center,Adj
กลางคืน,nighttime,N
กลางเดือน,middle of the month,N
กลางวัน,daytime,N
กลางวัน,daytime,N
กล้าม,muscle,N
กลิ่น,smell,Adj
กลืน,swallow,V
กลุ้มใจ,dismal,Adj
ก๋วยเตี๋ยว,noodles,N
กว่า,than,Adj
กว้าง,wide,Adj
กวาด,sweep,V
ก๊อกน้ำ,tap,N
กอง,pile,Class
กอด,hug,V
ก่อน,before,Adv
ก้อน,lump,Class
ก่อนถึง  ,before reaching  ,Adv
ก่อนที่,before,Adv
ก่อนอาหาร,before a meal,Adv
ก๊อปปี้ - สำเนา,copy - copy,N
กอล์ฟ,golf,N
ก่อสร้าง,construct,V
กะ,Shift,V
กะทิ,coconut milk,N
กะเพรา,sweet basil,N
กะหล่ำดอก,Cauliflower,N
กะหล่ำปลี,cabbage,N
กังวล,worry,Adj
กัด,bite,V
กัน,together,Adv
กันยายน,September,N
กับ,with,"Prep, Conj"
กับแกล้ม,Snacks,N
กับข้าว,side dish,N
กับข้าว,side dish,N
กา,kettle,N
กางเกง,trousers,N
กางเกงขาสั้น,shorts,N
กางเกงใน,underwear,N
กาน้ำชา,teapot,N
กาแฟ,coffee,N
กาแฟเย็น,Iced coffee,N
กาแฟร้อน,hot coffee,N
การ,action,Prefic
การบ้าน,homework,N
การประชุม,meeting,N
การศึกษา,study,N
ก้าว,pace,V
ก้าวหน้า,progress,Adj
กำจัด,dispose,V
กำนัน,village headman,N
กำเนิด,birth,V
กำแพง,wall,N
กำไร,profit,N
กำลัง,energy,Adv
กำลังจะ,about to,Adv
กำลังพอดี,It's just right.,Adj
กำหนด,set,"V, N"
กิน,eat,V
กินข้าว,eat rice,V
กินยา,take medicine,V
กินเล่น,Eat and play,V
กินเลี้ยง ,feast ,V
กินเหล้า,drink alcohol,V
กิโล ,kilo ,N
กิโลกรัม,kg,N
กิโลเมตร,kilometer,N
กี่,how many,Adv
กี่ปี,How many years?,Adv
กี่โมง,What time?,Adv
กี่วัน,How many days?,Adv
กีฬา,sport,N
กุ้ง,shrimp,N
กุญแจ,key,N
กุมภาพันธ์,February,N
กุหลาบ,rose,N
เก๊,spurious,Adj
เก่ง,good,Adj
เก็บ,collect,V
เก็บเงิน,save money,V
เก็บโต๊ะ,Keep the table,V
เกรงใจ,considerate,Adj
เกลียด,hate,V
เกลือ,salt,N
เกษียณ,retire,V
เกา,scratch,V
เก่า,old,Adj
เก้า ๙,Nine 9,N
เก้าสิบ,ninety,N
เก้าสิบเอ็ด,Ninety-one,N
เกาหลี ,Korea ,N
เกาหลีใต้,South Korea,N
เก้าอี้,chair,N
เกาะ,island,N
เกิด,happen,V
เกิดขึ้น,occur,V
เกิน,over,Adj
เกินไป,too,Adj
เกี่ยวกับ,about,Prep
เกือบ,almost,Adv
แก,for,Pronoun
แก่,to,Adj
แก้,solve,V
แก้ไข,correct,V
แก้ไขเพิ่มเติม,Additional amendments,V
แกง,curry,N
แกงเขียวหวาน,green curry,N
แกงมัสมั่น,Massaman curry,N
แกงเหลือง,Yellow curry,N
แก้ตัว,excuse,V
แก้ม,cheek,N
แกล้ง,tease,V
แก้ว,glass,N
แก้วไวน์,wine glass,N
แกะ,sheep,N
แกะสลัก,carved,V
โกง,cheat,Adj
โกน,shave,V
โกนหนวด,Shave,V
โกรธ,angry,Adj
โกหก,lie,V
ใกล้,near,"Adj, Adv, Prep"
ใกล้ๆ,nearby,"Adj, Adv"
ใกล้ๆกัน,close together,Adv
ใกล้กัน ,close together ,Adv
ใกล้จะ,close to,Adv
ใกล้จะหมดอายุ,About to expire,Adv
ไก่,chicken,N
ไก่งวง,turkey,N
ไกล,far,Adj
ขณะที่,while,Adv
ขณะนี้,now,Adv
ขน,carry,N
ขนตา,eyelash,N
ขนม,candy,N
ขนมจีน,Khanom Jeen,N
ขนมปัง,bread,N
ขนส่ง,transport,V
ขนาด,size,N
ขนุน,jackfruit,N
ขม,sharp,Adj
ขมิ้น,turmeric,N
ขโมย,steal,V
ขยะ,garbage,N
ขยัน,hard-working,Adj
ขยาย,expand,V
ขวด,bottle,N
ข่วน,scratch,V
ขวบ,year,"N, Class"
ขวา,right,Adj
ขวาน,ax,N
ขอ,please,V
ข้อ,clause,N
ข้อความ,message,N
ของ,of,Adv
ของขวัญ,gift,N
ของเขา,his,Adj
ของคุณ,yours,Adj
ของใคร,Whose is it?,Adj
ของจริง,real,Adj
ของฉัน,my,Adj
ของใช้,Items,N
ของนอก,Foreign stuff,N
ของปลอม,fake,Adj
ของผม,mine,Adj
ของพวกเขา,their,Adj
ของหวาน,dessert,N
ขอเชิญ,Invite,V
ขอทาง,asking for directions,V
ข้อเท้า,Ankle,N
ขอโทษ,excuse me,Adv
ขอบ,edge,N
ขอบคุณ,thank you,Adv
ขอบใจ,thank,Adv
ขอม,Khmer,N
ข้อมือ,wrist,N
ข้อมูล,information,N
ขอยืม,borrow,V
ขอร้อง,ask,V
ข้อศอก,elbow,N
ขอให้,please,V
ขัด,scrub,V
ขัน,ridiculously,N
ขับ,drive,V
ขับรถ,drive a car,V
ขา,leg,N
ข่า,Galangal,N
ขากรรไกร,jaw,N
ข้างๆ,beside,Adv
ข้างขวา (มือ),right side (hand),Adv
ข้างนอก,outside,Adv
ข้างใน,inside,Adv
ข้างบน,upstairs,Adv
ข้างล่าง,below,Adv
ข้างหน้า,front,Adv
ข้างหลัง,behind,Adv
ขาด,broken,Adj
ข้าม,cross,V
ขาย,sell,V
ขายของ,sell products,V
ขายส่ง,wholesale,V
ข้าราชการ,government officer,N
ข่าว,news,N
ข้าว,rice,N
ข้าวขาว,white rice,N
ข้าวเช้า,Breakfast,N
ข้าวเที่ยง,Lunch,N
ข้าวผัด,fried rice,N
ข้าวโพด,sweetcorn,N
ข้าวสวย,cooked rice,N
ข้าวสาลี,wheat,N
ข้าวสุก,cooked rice,N
ข้าวหอมมะลิ,Jasmine rice,N
ข้าวเหนียว,sticky rice,N
ขำ,giggle,Adj
ขิง,ginger,N
ขี่,ride,V
ขี้,Shit,N
ขี้เกียจ,lazy,Adj
ขีด,dash,V
ขี้เมา,Drunkard,Adj
ขี้เหนียว,Stingy,Adj
ขี้อาย,Shy,Adj
ขึ้น,climb,V
ขึ้นอยู่,It depends.,V
ขื้นเงิน,Get money,V
ขุด,dig,V
ขูด,scrape,V
เขต,county,N
เข็ม,needle,N
เข็มกลัด,brooch,N
เข็มขัด,belt,N
เข้มแข็ง,strong,Adj
เข็มฉีดยา,syringe,N
เขมร ,Khmer ,N
เข่า,knee,N
เข้า,enter,V
"เขา, เค้า","he, he",Pronoun
เข้ากัน,compatible,Adj
เข้าใจ,understand,V
เข้าใจผิด,misunderstand,Adj
เข้าใจว่า,I understand that,V
เข้านอน,go to bed,V
เข้าไป,into,V
เข้ามา,come in,V
เขาเอง,Himself,Adj
เขิน,shy,Adj
เขี่ย,rake,V
เขียง,cutting board,N
เขียน,write,V
เขี้ยว,canine,N
แขก,guest,N
แข็ง,strong,Adj
แข่งขัน,compete,V
แข็งแรง,strong,Adj
แขน,arm,N
แขวน,hang,V
ไข,Wax,V
ไข่,egg,N
ไข้,fever,N
ไข่กวน,Scrambled eggs,N
ไข่เจียว,omelet,N
ไข่ดาว,fried egg,N
ไข่แดง,yolk,N
ไข่ต้ม,Boiled eggs,N
ไข่ตุ๋น,Poached eggs,N
ไข่ปิ้ง,Grilled eggs,N
ไข่ยัดไส้,Stuffed Eggs,N
ไข่ลวก,Hard-boiled eggs,N
ไข้เลือดออก,dengue fever,N
ไข้หวัด,flu,N
ไข้หวัดใหญ่,influenza,N
ฃอง,Jean,N
คง,probably,Adv
คงจะ,would,Adv
คณะ,group,N
คณะกรรมการ,board,N
คณิตศาสตร์,mathematics,N
คดี,case,N
คน,person,N
ค้น,search,V
คนขับรถ,Driver,N
คนขาย,seller,N
คนขายของ,seller,N
คนไข้,patient,N
คนงาน,worker,N
คนใช้,servant,N
คนเดียว,alone,Adv
คนโดยสาร,Passenger,N
คนต่างประเทศ,Foreign people,N
คนโต,The eldest,N
คนไทย,Thai person,N
คนนั้น,That person,Pronoun
คนนี้,This person,Pronoun
คนโน้น,That person,Pronoun
คนใน,insider in,N
คนพวกนี้,These people,Pronoun
คนยุโรป,European people,N
คนเล็ก,small person,N
คนสุดท้าย,the last person,N
คนโสด,Single people,N
คนหนึ่ง ,one person ,N
ค้นหา,search,V
คม,sharp,Adj
ครก,mortar,N
ครบ,fully,Adv
ครอบครัว,family,N
ครั้ง ,time ,Adv
ครั้งที่สอง,second time,Adv
ครั้งนี้,This time,Adv
ครั้งแรก,first time,Adv
ครับ,yes,Particle
ครัว,kitchen,N
คราว,time,Adv
คราวหน้า,Next time,Adv
ครีม,cream,N
ครึ่ง,half,Adj
ครึ่งหนึ่ง,half,Adj
ครู,teacher,N
ครู่,moment,Adv
ครูฝึก,Trainer,N
คลอง,canal,N
คลอดลูก,Giving birth,V
คล้ายกัน,similar,Adv
ควร,should,"V, Aux"
ควรจะ,should,"V, Aux"
ความ,sense,Prefix
ความคิด,idea,N
ความคิดเห็น,comment,N
ความจริง,truth,N
ความเชื่อ,belief,N
ความรัก,love,N
ความรู้,knowledge,N
ความรู้สึก,feeling,N
ความเร็ว,speed,N
ความสำคัญ,importance,N
ความสำเร็จ,success,N
ความสุข,happiness,N
ความสูง,height,N
ความหมาย,meaning,N
ความหลง,Infatuation,N
ความเห็น,opinion,N
ความอยาก - ตัณหา,Desire - lust,N
ควาย,buffalo,N
คอ,neck,N
ค้อน,hammer,N
ค่อนข้าง,quite,Adv
คอม,computer,N
คอมพิวเตอร์,computer,N
คอย,wait,V
ค่อย,gradually,Adv
คะ,yes,Particle
ค่ะ,yes,Particle
คะแนน,score,N
คัน,vehicle,Class
คั้น,crush,V
คับ,yes,Adj
ค่า,fee,N
ค้า,trade,V
ค้าขาย,trade,V
คาง,chin,N
ค้างคืน,overnight,V
ค่าจ้าง,Wages,N
ค่าเช่า,Rent,N
ค่าใช้จ่าย,expenses,N
คาด,expect,V
ค่าโดยสาร,fare,N
ค่าธรรมเนียม,fee,N
ค่าย,camp,N
ค่ารถ,Car fare,N
คำ,word,N
ค่ำ,Evening,Adj
คำตอบ,answer,N
คำถาม,question,N
คำนวณ,calculate,V
คำนึงถึง  - คำนึง,consider - consider,V
ค่ำวันอาทิตย์,Sunday evening,Adj
คำศัพท์,vocabulary,N
คิด,think,V
คิดดู,Think about it.,V
คิดถึง,miss,V
คิดถึงบ้าน,homesick,V
คิดว่า,think,V
คิ้ว,eyebrow,N
คิวรถ,car queue,N
คืน,night,V
คืนนี้,this evening,Adj
คือ,is,V
คุก,prison,N
คุณ,you,Pronoun
คุณพ่อคุณแม่,Parents,Pronoun
คุณภาพ,quality,N
คุณล่ะ,You?,Phrase
คุณสมบัติ,feature,N
คุณเอง,It's you.,Adv
คุ้ม,guard,V
คุย,talk,V
คุยกัน,Let's talk,V
คู่,pair,Adv
คูณ,multiply,V
คู่หมั้น,Fiancee,N
เค็ม,salty,Adj
เคย,ever,Adv
เคยชิน,wont,Adv
เครา,beard,N
เครือข่าย,network,N
เครื่อง,machine,N
เครื่องเงิน,silverware,N
เครื่องจักร,machinery,N
เครื่องซักผ้า,washing machine,N
เครื่องดื่ม,drink,N
เครื่องดูดฝุ่น,vacuum cleaner,N
เครื่องบิน,airplane,N
เครื่องพิมพ์ดีด,typewriter,N
เครื่องมือ,tool,N
เครื่องเรือน,furniture,N
เคลื่อน,move,V
เคารพ,respect,V
เคี้ยว,chew,V
แค่,just,Adv
แคนาดา,Canada,N
แคบ,narrow,Adj
แคร์,care,Adj
แครอท,carrot,N
โครง,frame,N
โครงการ,project,N
โครงสร้าง,structure,N
ใคร,who,Adv
ใคร่,desire,V
ใครก็ได้,Anyone can,Pronoun
ใครก็ตาม,Whoever,Pronoun
ใครคนหนึ่ง,someone,Pronoun
ฆ่า,kill,V
โฆษณา,advert,V
งบประมาณ,Budget,N
ง่วง,sleepy,Adj
ง่วงนอน,sleepy,Adj
งอก,germinate,V
งั้น,otherwise,Conj
งา,sesame,N
งาน,work,N
งานแต่งงาน,wedding,N
งานเลี้ยง,party,N
งาม,beautiful,Adj
ง่าย,easy,Adj
งู,snake,N
งูเขียว,green snake,N
งูเห่า,cobra,N
เงาะ,rambutan,N
เงิน,money,N
เงินกินเปล่า,Free money to eat,N
เงินเดือน,salary,N
เงินทอน,change,N
เงินสด,cash,N
เงียบ,quiet,Adj
โง่,stupid,Adj
ไง,how,Adv
จด,write,V
จดทะเบียน,registered,V
จดหมาย,note,N
จน,until,Adj
จนกระทั่ง,until,Conj
จนกว่า,unless,Conj
จนถึง,until,Conj
จมน้ำ,drowning,V
น้ำท่วม,flood,N
จมูก,nose,N
จระเข้,crocodile,N
จริง,TRUE,Adj
จริงๆ,really,Adj
จริงใจ,sincere,Adj
จอง,reserve,V
จอด,park,V
จะ,will,"V, Aux"
จ้ะ,yes,Particle
จั็กจี้,ticklish,Adj
จักร,Chakra,N
จักรยาน,bicycle,N
จังหวัด,province,N
จัด,Arrange,V
จัดการ,manage,V
จัดหา,supply,V
จันทร์,Monday,N
จับ,hold,V
จาก,from,Adv
จ้าง,hire,V
จาน,plate,N
จานข้าว,rice plate,N
จานรองถ้วย,cup saucer,N
จ่าย,pay,V
จ่ายเงิน,pay,V
จำ,remember,V
จำ ….ได้,can remember,V
จำกัด,Ltd.,V
จำได้,can remember,V
จำนวน,quantity,N
จำเป็น,necessary,Adj
จิ้งจก,lizard,N
จิ้งหรีด,cricket,N
จี้,pendant,V
จีน ,China ,N
จีบ,court,V
จึง,therefore,Conj
จืด,fresh,Adj
จุด,point,V
จูบ,kiss,V
จูบปาก,kiss mouth,V
เจ็ด,seven,N
เจ็ดสิบ,Seventy,N
เจ็บ,hurt,Adj
เจ็บคอ,sore throat,Adj
เจรจา,Negotiate,V
เจริญ,grow,V
เจอ,meet,V
เจอกัน,meet,V
เจ้าของ,owner,Pronoun
เจ้าของบ้าน,home owner,Pronoun
เจ้าของร้าน,shop owner,Pronoun
เจ้าบ่าว,groom,Pronoun
เจ้าสาว,bride,Pronoun
เจ้าหน้าที่,officer,Pronoun
เจ้าหนี้,creditor,Pronoun
แจก - จำหน่าย,Give - sell,V
แจ้ง,inform,V
โจ๊ก,rice porridge,N
โจร,bandit,N
ใจ,heart,N
ใจกว้าง,tolerant,Adj
ใจดำ,callous,Adj
ใจดี,kind,Adj
ใจเย็น,calm,Adj
ใจเย็นเย็น,cool cool,Adj
ใจร้อน,impatient,Adj
ฉบับ,issue,"Adv, Class"
ฉลาด,clever,Adj
ฉัน,I,Pronoun
ฉันเอง,myself,Pronoun
ฉาย,project,V
ฉิ่ง,cymbal,N
ฉีด,spray,V
ฉีดยา,inject a drug,V
เฉพาะ,specifically,Adv
เฉย,Indifferent,Adj
เฉยๆ,indifferent,Adj
เฉลี่ย,average,V
ชกมวย,punch,V
ชน,crash,V
ชนบท,countryside,N
ชนะ,win,Adj
ชนิด,type,Adv
ชม,watch,V
ชมพู่,rose apple,N
ช่วง,range,Adv
ช่วงนี้,this period,Adv
ชวน,invite,V
ช่วย,help,V
ช่วยด้วย,help,V
ช็อกโกแลต,chocolate,N
ช่อง,channel,N
ช้อน,spoon,N
ช้อนกลาง,Medium spoon,N
ช้อนชา,teaspoon,N
ช้อนส้อม,cutlery,N
ชอบ,like,V
ชั่ง,scale,V
ชั่งน้ำหนัก,weigh,V
ชัด,Clearly,Adj
ชั้น,floor,N
ชั้นบน,Upstairs,"Adj, Adv"
ชั้นล่าง,ground floor,"Adj, Adv"
ชั้นสอง,Second floor,"Adj, Adv"
ชั้นหนึ่ง,First class,"Adj, Adv"
ชั่วคราว,temporary,Adv
ชั่วโมง,hour,Adv
ชา,tea,N
"ช้า, ช้าๆ","slow, slowly",Adv
ช่าง,tradesman,Pronoun
ช้าง,elephant,N
ช่างตัดผม,hairdresser,N
ช่างตัดเสื้อ,tailor,N
ช่างไฟฟ้า,electrician,N
ช่างภาพ,photographer,N
ช่างยนต์,Auto mechanic,N
ชาติ,nation,N
ชานชาลา,platform,N
ช้าไป,Too late,Adv
ชาม,bowl,N
ชาย,man,Pronoun
ชายแก่,old man,Pronoun
ชายทะเล,seaside,N
ชายโสด,single man,Pronoun
ชายหญิง,Male and female,N
ชายหาด,beach,N
ชาว,people,N
ชาวนา,farmer,N
ชาวนา,farmer,N
ชาวประมง,fisherman,N
ชาวเอเชีย,Asian people,N
ชำระ,pay,V
ชิด,close,V
ชิน,accustomed,Adj
ชิ้น,item,"Adv, Class"
ชิม,taste,V
ชี้แจง,explain,V
ชีวิต,life,N
ชื่นใจ,Delighted,Adj
ชื่อ,name,N
ชื่อเล่น,nickname,N
ชุด,set,N
ชุดชั้นใน,underwear,N
ชุดนอน,pajamas,N
เช็ค,check,N
เช็ด,wipe,V
เช่น,such as,Conj
เช่นกัน,too,Adv
เช่นเคย,As always,Adv
เช่นเดียวกับ,as well as,Adv
เช่นนี้,like this,Adv
เช่า,hire,V
เช้า,morning,Adj
เช้าตรู่,morning,Adj
เช้านี้,This morning,Adj
เช้ามืด,dawn,Adj
เช้าวันอาทิตย์,Sunday morning,Adj
เชิญ,invite,V
เชื่อ,believe,V
เชื้อ,germs,N
เชือก,rope,N
เชื่อฟัง,obey,V
เชื้อโรค,disease,N
แช่,soak,V
โชคดี,good luck,Adj
โชคดีนะ,Good luck.,Adj
โชคร้าย,bad luck,Adj
ใช่,yes,Adj
ใช้,use,Adv
ใช้เงิน,Spend money,V
ใช้หมด,used up,V
ใช่ไหม,Right?,POS
ไชโย,Bravo!,POS
ซวย,hapless,Adj
ซอง,envelope,Class
ซองจดหมาย,Envelope,N
ซ่อน,hide,V
ซอฟต์แวร์,software,N
ซ่อม,repair,V
ซอย,alley,N 
ซัก,wash,V
ซักที,Just once,Adv
ซักน้ำ,Wash with water,Adj
ซักผ้า,wash clothes,V
ซักแห้ง,dry cleaning,Adj
ซ้าย,left,Adj
ซาอุดีอาระเบีย,Saudi Arabia,N
ซิ,Si,Particle
ซิ่,Si,Particle
ซิ่ง,Racing,Adj
ซิป,zipper,N
ซีดี,CD,N
ซีอิ๊ว,soy sauce,N
ซึ่ง,which,Relative Pronoun
ซื่อ,faithfully,Adj
ซื้อ,buy,V
ซื้อของ,Buy things,V
ซื่อตรง,upright,Adj
ซุกซน,misbehave,Adj
ซุป,soup,N
ซุปเปอร์มาร์เก็ต,supermarket,N
เซ็ง,Bored,Adj
เซ็น,sign,V
เซ็นชื่อ,Sign,V
เซลเซียส,Celsius,N
โซ่,chain,N
โซดา,soda,N 
ญวน ,Vietnamese ,N
ญาติ,relative,Pronoun
ญี่ปุ่น ,Japan ,N
ฐานะ,position,N
เณร,neophyte,N
ดนตรี,music,N
ดม,smell,V
ดวง,Horoscope,Adv
ดวงจันทร์,moon,N
ดวงอาทิตย์,sun,N
ด่วน,urgent,Adv
ด้วย,too,Adv
ด้วยกัน,together,Adv
ด้วยตัวเอง,by yourself,Adv
ดอก,flower,N
ดอกบัว,lotus,N
ดอกเบี้ย,interest,N
ดอกไม้,flower,N
ดอง,preserved,Adj
ดอลลาร์,dollar,N
ดัง,as,ADJ
ดังนั้น - เพราะฉะนั้น,therefore - therefore,Conj
ดัน,push,V
ดับ,extinguish,V
ด่า,tell off,V
ด้าน,side,N
ด้าม,handle,Adv
ด้าย,thread,N
ดาว,star,N
ดำเนิน,conduct,V
ดิก,Dick,N
"ดิฉัน, ฉัน","me, me",Pronoun
ดิน,earth,N
ดินสอ,pencil,N
ดิบ,raw,Adj
ดี,good,Adj
ดีกว่า,better,Adj
ดีขึ้น,better,Adj
ดีใจ,happy,Adj
ดีที่สุด,the best,Adj
ดีเยี่ยม - วิเศษ - เด็ด,Excellent - wonderful - awesome,V
ดึก,late,Adj
ดึง,pull,V
ดื่ม,drink,V
ดู,watch,V
ดูแล - บำรุง,care - nourish,V
ดูเหมือน,looks like,Adv
เด็ก,child,N
เด็กชาย,boy,N
เด็กผู้ชาย,boy,N
เด็กผู้หญิง,girl,N
เด็กหญิง,girl,N
เดนมาร์ก,Denmark,N
เดิน,walk,V
เดินทาง,travel,V
เดินเล่น,go for a walk,V
เดียว,single,Adj
เดี๋ยว,wait a minute,Adj
เดียวกัน,same,Adv
เดี๋ยวนี้,now,Adj
เดือด,boil,V
เดือดร้อน,in trouble,Adj
เดือน,month,N
เดือนที่แล้ว,last month,N
เดือนนี้,This month,N
เดือนหน้า,next month,N
แดด,sunshine,N
แดดเผา,Sunburn,N
โดย,by,Prep
โดยเฉพาะ,especially,Adv
โดยเร็ว,ASAP,Adj
ใดๆ,any,Adj
ได้,can,"V, aux"
ได้แก่,namely,Conj
ได้เงิน,get money,V
ได้ยิน,heard,V
ได้รับ,receive,V
ได้ไหม,can?,Particle (question)
ตก,fall,V
ตกใจ,surprised,Adj
ตกปลา,fish,V
ตกลง,agree,V
ตน,Himself,N
ต้น,plant,N
ต้นเดือน,beginning of the month,N
ต้นปี,Beginning of the year,N
ต้นไม้,tree,N
ตนเอง,self,N
ตบ,Slap,V
ต้ม,boiled,V
ตรง,straight,Adj
ตรงกันข้าม,opposite,"Adj, Adv"
ตรงกันข้ามกับ,contrary to,"Adj, Adv"
ตรงข้าม,opposite,"Adj, Adv"
ตรงข้ามกัน,Opposite,"Adj, Adv"
ตรงข้ามกับ,opposite to,"Adj, Adv"
ตรงนี้,Right here,"Adj, Adv"
ตรงไป,straight on,Adv
ตรวจ,check,V
ตรวจสอบ,examine,V
ตระกูล,clan,N
ตลอด,always,Adv
ตลอดจน,as well as,"Prep, Conj"
ตลอดไป,forever,Adv
ตลอดวัน,All day long,Adv
ตลอดเวลา,all the time,Adv
ตลาด,market,N
ตลาดนัด,flea market,N
ต่อ,continue,V
ต้อง,must,V helping verb
ต้องการ,need,V
ต้องไม่,Must not,V
ตอน,section,N
ตอนกลางคืน,at night,N
ตอนค่ำ,evening,N
ตอนเช้า,morning,N
ตอนดึก,late at night,N
ตอนที่,episode,Conj
ตอนเที่ยง,at noon,N
ตอนนั้น,At that time,N
ตอนนี้,now,N
ตอนบ่าย,afternoon,N
ตอนเย็น,evening,N
ต้อนรับ,welcome,V
ตอนแรก,First episode,Adv
ตอนสาย,Late morning,N
ต่อเนื่อง,continuously,Adv
ตอบ,reply,V
ต่อไป,next,Conj
ต่อไปนี้,The following,Adv
ต่อมา,later,Conj
ต่อย,punch,V
ต่อราคา,Bargain,V
ตะกั่ว,lead,N
ตะเกียง,lamp,N
ตะเกียบ,chopsticks,N
ตะคอก,snap,V
ตะไคร้,lemon grass,N
ตะปู,nail,N
ตะโพก,rump,N
ตะวันตก,West,N
ตะวันตกเฉียงใต้,southwest,N
ตะวันตกเฉียงเหนือ,northwest,N
ตะวันออก,east,N
ตะวันออกเฉียงใต้,southeast,N
ตะวันออกเฉียงเหนือ,Northeast,N
ตัก,lap,V
ตั๊กแตน,grasshopper,N
ตักบาตร,put,V
ตั้ง,set,V
ตั้งใจ,intend,V
ตั้งแต่,since,"Conj, Prep"
ตั้งแต่เมื่อไร,Since when?,"Conj, Prep"
ตั้งท้อง,Pregnant,V
ตั้งอยู่,located,V
ตัด,cut,V
ตัดผม,cut hair,V
ตัดสินใจ,decide,V
ตับ,liver,V
ตัว,one,"N, Class"
ตั๋ว,ticket,
ตัวเขาเอง,himself,Personal Pronoun
ตัวฉัน,myself,Personal Pronoun
ตัวแทน,representative,N
ตั๋วไปกลับ,A round-trip ticket.,N
ตัวผม,Me,Personal Pronoun
ตัวผู้,male,N
ตัวเมีย,female,N
ตัวเลข,number,N
ตัวหนังสือ ,letter ,N
ตัวอย่าง,example,N
ตัวอักษร,character,N
ตัวเอง,myself,N
ตา,eye,"N, Class"
ตากแดด,Sun-dried,V
ต่างๆ,various,"Adj, Adv"
ต่างจังหวัด,upcountry,"Adj, N"
ต่างจังหวัด,upcountry,N
ต่างประเทศ,abroad,N
ต่างหาก,separate,"Adv, Adj, Conj"
ต่างหู,earring,N
ตาทวด,Great-grandfather,N
ตาม,follow,V
ตามใจ,indulgent,Adv
ตามที่,according to,Conj
ตามธรรมดา,as usual,Adv
ตาย,dead,V
ตาราง,table,N
ตารางวา,square wa,N
ตารางเวลา,Timetable,N
ต่ำ,low,"Adv, Adj"
ตำบล,district,N
ตำรวจ,policeman,N
ตำแหน่ง,position,N
ติด,stuck,V
ติดกับ,next to,Adv
ติดต่อ,contact,V
ติดต่อกัน,keep in touch,V
ตี,hit,V
ตึก,building,N
ตึง,tight,Adj
ตื่น,wake up,V
ตื่นเต้น,excited,Adj
ตื่นนอน,wake up,V
ตุ๊กแก,gecko,N
ตุ๊กตา,doll,N
ตุ๊กตุ๊ก,Tuk Tuk,N
ตุรกี,Türkiye,N
ตุลาคม,October,N
ตู้,cupboard,N
ตู้นอน,Sleeping compartment,N
ตู้ไปรษณีย์,post office box,N
ตู้ยามตำรวจ,police guard booth,N
ตู้เย็น,fridge,N
ตู้เสื้อผ้า,wardrobe,N
ตู้หนังสือ,bookcase,N
ตู้เอทีเอ็ม,ATM,N
เต้น,dance,V
เต้นรำ,dance,V
เต็ม,full,Adj
เต็มใจ,willing,Adj
เตรียม,prepare,V
เตะ,touch,V
เตา,stove,N
เต่า,turtle,N
เตาไฟฟ้า,Electric stove,N
เตารีด,iron,N
เตาอบ,Oven,N
เติม,add,V
เตี้ย,short,Adj
เตียง,bed,N
เตียงนอน,bed,N
เตือน,warn,V
แต่,but,Conj
แตก,break,V
แตกต่าง,different,Adj
แต่ง,dress up,V
แตงกวา,cucumber,N
แต่งงาน,marry,V
แต่งตัว,get dressed,V
แตงไทย,cantaloupe,N
แตงโม,watermelon,N
แต่เช้า,early in the morning,Adv
แต่ละ,each,Adj
แตะ,touch,V
โต,grown up,Adj
โต๊ะ,table,N
โต๊ะเครื่องแป้ง,dressing table,N
โต๊ะทำงาน,work desk,N
ใต้,under,Prep
ไต,kidney,N
ไต่,climb,V
ไต้หวัน,Taiwan,N
ถนน ,road ,N
ถนนใหญ่,main road,N
ถ้วย,bowl,N
ถ้วยกาแฟ,coffee cup,N
ถ้วยชาม,Crockery,N
ถอด,remove,V
ถอน,withdraw,V
ถอย,fall,V
ถัก,knit,V
ถัง,tank,N
ถั่ว,bean,N
ถั่วงอก,bean sprout,N
ถั่วลันเตา,green peas,N
ถั่วลิสง,peanuts,N
ถั่วเหลือง,soybean,N
ถ้า,if,Conj
ถาด,tray,N
ถ่าน,charcoal,N
ถ่านไฟฉาย,battery,N
ถาม,ask,V
ถ้าไม่,If not,Conj
ถ่ายทอด,relay,V
ถ่ายรูป,take a photo,V
ถ้ายังงั้น,"If not, then",Conj
ถ้าอย่างนั้น,Then,Conj
ถ้ำ,cave,N
ถีบ,kick,V
ถึง,to,V
ถึงแม้ว่า,although,Conj
ถือ,hold,V
ถุง,bag,N
ถุงเท้า,sock,N
ถุงมือ,glove,N
ถุงยาง,condom,N
ถู,rub,V
ถูก,cheap,Adj
ถูกต้อง,correct,V
ถูกแล้ว,That's right.,Adj
เถอะ (เถิด),Let's go (Let's go),Particle
เถียง,argue,V
แถว,row,N
แถวนั้น,Around there,N
แถวนี้  ,Around here  ,N
ทดลอง,test,V
ทดสอบ,test,V
ทน,bear,V
ทนทาน - ถาวร,Durable - Permanent,Adj
ทนายความ,lawyer,N
ทรัพยากร,resource,N
ทราบ,know,V
ทราย,sand,N
ทฤษฎี,theory,N
ทวง,Demand,V
ท่วม,Flooded,V
ทวีป,continent,N
ทวีปยุโรป,Europe,N
ทวีปอเมริกา,America,N
ทวีปอเมริกาใต้,South America,N
ทวีปอเมริกาเหนือ,North America,N
ทวีปออสเตรเลีย,Australia,N
ทวีปเอเชีย,Asia,N
ทวีปแอฟริกา,Africa,N
ทหาร,soldier,N
ทหารเรือ,sailor,N
ทหารอากาศ,air force,N
ทอ,woven,V
ท่อ,pipe,N
ทอง,gold,N
ท่อง,recite,V
ท้อง,abdomen,N
ท่องจำ,Memorize,V
ทองแดง,copper,N
ท่องเที่ยว,travel,V
ทองเหลือง,brass,N
ทอด,fry,V
ทอน,Change,V
ทอนเงิน,Change money,V
ท่อน้ำ,water pipe,N
ทะเบียน,register,N
ทะเล,sea,N
ทะเลทราย,desert,N
ทะเลสาบ,lagoon,N
ทั้ง,Both,Prefix
ทั้งคืน,All night,Adv
ทั้งวัน,All day,Adv
ทั้งสอง,both,Adj
ทั้งสิ้น,all,"Adj, Adv"
ทั้งหมด,all,"Adj, Adv"
ทั้งหลาย,All of them,Adj
ทัน,abreast,V
ทันเวลา,Just in time,V
ทันสมัย,modern,Adj
ทับ,crush,V
ทับทิม,pomegranate,N
ทั่ว,over,"Adj, Adv"
ทั่วไป,general,"Adj, Adv"
ท่า,posture,N
ทาง,way,N
ทางขวา,right side,N
ทางขวา (มือ),right side (hand),Adj
ทางเข้า,entrance,N
ทางซ้าย,left side,Adj
ทางซ้าย (มือ),left side (hand),Adj
ทางด่วน,expressway,N
ทางนั้น,That way,N
ทางนี้,This way,N
ทางโน้น,Over there,N
ทางม้าลาย,Zebra crossing,N
ทางรถไฟ,railway,N
ทางเลือก,choice,N
ทางหลวง,highway,N
ทางไหน,Which way?,Adv
ทางออก,exit,N
ทาน,eat,V
ทานข้าว,Eat,V
ท้าย,end,N
ท่ารถทัวร์,Tour bus terminal,N
ท่าเรือ,port,N
ทำ,do,V
ทำกับข้าว,cook a rice dish,V
ทำความสะอาด,clean,V
ทำงาน,work,V
ทำงานให้,work for,V
ทำด้วย …,Made with…,Adj
ทำโทษ,punish,V
ทำบุญ,give alms,V
ทำไม,Why,Question word
ทำลาย,destroy,V
ทำหาย,Lost it,V
ทำให้สะอาด,make clean,V
ทิ้ง,throw away,V
ทิชชู่,tissue,N
ทิศ,direction,N
ทิศทาง,direction,N
ที,time,V
ที่,at,Prep
ที่เก็บของ,Storage,N
ที่เขี่ยบุหรี่,ashtray,N
ที่จอด ,Parking ,N
ที่จอดรถ,Parking,N
ที่จะ,to,"V, Aux"
ที่ดิน,land,N
ทีเดียว,quite,Adv
ที่ตั้ง,Location,N
ที่ตีไข่,egg beater,N
ที่ทำงาน,workplace,N
ที่เที่ยว,Places to visit,N
ที่นอน,mattress,N
ที่นั่ง,seat,N
ที่นั่น,there,N
ที่นี่,here,N
ที่โน่น,Over there,N
ที่โน้น,over there,N
ที่พัก,accommodation,N
ทีม,team,N
ทีแรก,At first,Adv
ทีละคน,One by one,N
ที่แล้ว,ago,Adv
ที่ว่าง,Free space,N
ทีวี,TV,N
ที่สอง,Second,Adj
ที่สุด,the most,Adj
ที่หนึ่ง,number one,Adv
ทีหลัง,after,"Adv, Conj"
ที่เหลือ,The rest,N
ทีไหน,Where?,N
ที่ไหน (ใด),Where (any),N
ที่ไหนก็ได้,Anywhere,N
ที่อยู่,address,N
ทุก,each,Prefix
ทุกคน,everyone,N
ทุกครั้ง,every time,N
ทุกคืน,every night,N
ทุกเช้า,every morning,N
ทุกเดือน,every month,N
ทุกที,Every time,Adv
ทุกที่,everywhere,Adv
ทุกปี,Every year,Adv
ทุกเย็น,every evening,Adv
ทุกวัน,every day,Adv
ทุกวันนี้,today,Adv
ทุกสิ่ง,Everything,N
ทุกอย่าง,everything,N
ทุกอาทิตย์,every week,Adv
ทุน,Capital,N
ทุ่ม,7pm,N
ทุเรียน,durian,N
ทูต,ambassador,N
เท,pour,V
เทคโนโลยี,technology,N
เทนนิส,tennis,N
เทป,tape,N
เท้า,foot,N
เท่ากัน,equal,Adj
เท่าที่,As far as,"Adj, Adv"
เท่านั้น,only,Adv
เท่าไร,how much,Adj
เท่าไหร่,how much,Adj
เที่ยง (วัน),Noon (day),N
เที่ยงคืน,midnight,N
เทียน,candle,N
เทียบ,compare,V
เที่ยว,travel,V
เที่ยวเดียว,One way,N
แท้,genuine,Adj
แท็กซี่,taxi,N
แทง,stab,V
แทน,instead,V 
แทบ,almost,Adv
โท,Master,N
โทร ,phone ,V
โทรทัศน์,television,N
โทรทางไกล,long distance call,V
โทรไป,Call,V
โทรศัพท์,telephone,N
โทษ,blame,V
ไทฟอยด์,typhoid,N
ไทย,Thai,N
ธง,flag,N
ธนาคาร,bank,N
ธรรมชาติ,nature,N
ธรรมดา,ordinary,Adv
ธรรมเนียม,tradition,N
ธันวาคม,December,N
ธุรกิจ,business,N
ธุระ,business,N
เธอ,you,Pronoun
นก,bird,N
นกแก้ว,parrot,N
นกยูง,peacock,N
นกฮูก,owl,N
นม,milk,N
นมข้น,Condensed milk,N
นมข้นหวาน,sweetened condensed milk,N
นมพร่องมันเนย,skim milk,N
นโยบาย,policy,N
นวด,massage,V
นอก,out,"Adj, Adv"
นอกจาก,except,Prep
น้อง,sibling,N
น้องเขย,Brother-in-law,N
น้องชาย,younger brother,N
น้องสะใภ้,sister-in-law,N
น้องสาว,younger sister,N
นอน,sleep,V
นอนเต็มอิ่ม,Sleep well,V
นอนเล่น,lie down and play,V
นอนหลับ,sleep,V
น้อย,little,Adj
น้อยกว่า,less,Adj
น้อยลง,less,Adj
น้อยหน่า,custard apple,N
นอร์เวย์,Norway,N
นะ,Yes.,Particle
นัก,student,"Adv, prefix"
นักการเมือง,politician,N
นักกีฬา,sportsperson,N
นักเขียน,writer,N
นักดนตรี,musician,N
นักท่องเที่ยว,tourist,N
นักธุรกิจ,businessperson,N
นักประพันธ์,novelist,N
นักแปล,translator,N
นักร้อง,singer,N
นักเรียน,student,N
นักศึกษา,student,N
นั่ง,sit,V
นั่งเล่น,sit and play,V
นัด,shot,V
นั่น,that,N
นั้น,that,Adj
นั้นๆ,that,Adv
นับ,count,V
นับถือ,respect,V
นา,rice paddy,N
น่า,probably,Prefix
น้า,aunt,N
น่ากลัว,scary,Adj
น่ากิน,tasty,Adj
น่าเกลียด,horrible,Adj
นาง,Mrs.,N
นางพยาบาล,nurse,N
นางสาว,miss,N
น่าซื้อ,Worth buying,"Adj, Adv"
น่าดู,Worth watching.,"Adj, Adv"
น่าทาน,Looks delicious,"Adj, Adv"
นาที,minute,N
นาน,long,Adv
นานาชาติ,international,N
น่าเบื่อ,boring,"Adj, Adv"
น่าฟัง,Worth listening to,Adv
นาม,noun,N
นามบัตร,card,N
นามสกุล,surname,N
นาย,Mr.,N
นายกรัฐมนตรี,Prime Minister,N
นายจ้าง,Employer,N
น่ารัก,cute,Adj
น่ารำคาญ,annoying,"Adj, Adv"
น่ารู้,Good to know,"Adj, Adv"
น่าลอง,Worth a try.,"Adj, Adv"
น่าไว้ใจ,Trustworthy,"Adj, Adv"
น่าสนใจ,interesting,"Adj, Adv"
น่าเสียใจ,Sad,Adj
น่าเสียดาย,unfortunate,Adj
นาฬิกา,clock,Adj
นาฬิกาปลุก,alarm clock,N
น่าอยู่,Nice place to live,"Adj, Adv"
น่าอ่าน,Worth reading.,"Adj, Adv"
น่าอาย,Embarrassing,"Adj, Adv"
นำ,lead,V
น้ำ,water,N
นำเข้า,import,V
น้ำแข็ง,ice,N
น้ำใจ,kindness,N
น้ำชา,tea,N
น้ำเชื่อม,syrup,N
น้ำโซดา,Soda water,N
น้ำดื่ม,Drinking water,N
น้ำตา,tear,N
น้ำตาล,sugar,N
น้ำนม,milk,N
น้ำปลา,fish sauce,N
น้ำเปล่า,Water,N
น้ำผลไม้,fruit juice,N
น้ำมะนาว,lemon juice,N
น้ำมัน,oil,N
น้ำมันพืช,vegetable oil,N
น้ำมันมะกอก,olive oil,N
น้ำเย็น,Cold water,N
น้ำส้ม,orange juice,N
น้ำส้ม,orange juice,N
น้ำส้มสายชู,vinegar,N
น้ำหนัก,weight,N
น้ำหอม,perfume,N
น้ำอัดลม,soft drink,N
นิกาย,sect,N
นิดเดียว,a little,Adv
นิดนึง,A little bit,Adv
นิดหน่อย,a little,Adv
นิตยสาร,magazine,N
นิมนต์,invitation,V
นิยม,popular,Adj
นิ้ว,finger,N
นิวซีแลนด์,New Zealand,N
นิ้วเท้า,toenail,N
นิ้วมือ,fingers,N
นิสัย,character,N
นิสัยดี,Nice personality,Adj
นี่,this,N
นี้,this,Adj
นึก,imagine,V
นึกถึง - ดำริ,think about - think about,V
นึง,One,Particle
นึ่ง,steam,V
นุ่ม,soft,Adj
เนเธอร์แลนด์,Netherlands,N
เน้น,emphasize,V
เนย,butter,N
เนยแข็ง,Cheese,N
เน่า,rot,Adj
เนื้อ,meat,N
เนื่องจาก,due to,Conj
เนื้อที่,area,N
เนื้อผ้า,fabric,N
เนื้อวัว,beef,N
เนื้อหมู,pork,N
แน่ (ใจ),sure),Adj
แน่ (นอน),certain),Adj
แน่ใจ,sure,Adj
แน่น,tight,Adv
แน่นอน,certain,Adv
แนวทาง,Guidelines,N
แนวโน้ม,trend,N
แนะนำ,recommend,V
โน้ตบุ๊ก,Notebook,N
โน่น,that,N
โน้น,that,Adj
ใน,in,Prep
ในขณะที่,while,Conj
ในที่สุด,in the end,Adv
ในไม่ช้า,soon,Adv
ในระหว่าง,during,"Conj, Prep"
ในเร็วๆนี้,soon,Adv
ในอนาคต,future,Adv
บ.ข.ส. บริษัทขนส่ง,Transport Company,N
บก,land,N
บท,chapter,N
บทเรียน,lesson,N
บน,on,Prep
บรรจุ,contain,V
บรรดา,Those,N
บรรพบุรุษ,gentleman,N
บรั่นดี,brandy,N
บราซิล,Brazil,N
บริการ,serve,V
บริโภค,consume,V
บริเวณ,area,N
บริษัท,company,N
บวม,swell,V
บอก,tell,Adj
บอกว่า,said,V
บ่อย,frequent,V
บ่อยๆ,often,Adv
บะหมี่,noodle,Adv
บังคับ,force,N
บังเอิญ,by accident,V
บัญชี,account,Adv
บัตร,card,N
บัตร A.T.M.,A.T.M. card,N
บัตรเครดิต,credit card,N
บัตรเชิญ,invitation card,N
บัตรประจำตัว,Identification card,N
บัตรประชาชน,ID card,N
บัตรผ่าน,pass,N
บันได,stairs,N
บันทึก,record,N
"บัว, ดอกบัว","lotus, lotus flower",V
บ้า,crazy,N
บาง,thin,Adj
บ้าง,some,Adv
บางครั้ง,sometimes,Adv
บางที,sometimes,Adv
บางอย่าง,something,N
บาด,cut,V
บาดเจ็บ,injured,Adj
บาท,baht,N
บาน,bloom,"V, Pronoun, Class"
บ้าน,house,N
บ้านเช่า,House for rent,N
บ้านนอก,rustic,N
บ้านเลขที่,house number,N
"บ่าย, บ่ายๆ","afternoon, afternoon",N
บ่ายนี้,This afternoon,N
บิดา,father,N
บิดามารดา,Parents,N
บิน,fly,V
บีทีเอส,BTS,N
บีบ,squeeze,V
บุคคล,person,N
บุญ,merit,N
บุรุษ,man,N
บุรุษไปรษณีย์,postman,N
บุหรี่,cigarette,N
บูด,spoiled,Adj
เบคอน,bacon,N
เบลเยี่ยม,Belgium,N
เบอร์,number,N
เบอร์โทรศัพท์,telephone number,N
เบา,light,Adj
เบาใจ,relieved,Adj
เบาะ,pad,N
เบาะหลัง,back seat,N
เบิก,withdraw,V
เบิกเงิน,Withdraw money,V
เบียร์,beer,N
เบื่อ,bored,Adj
แบก,bear,V
แบ่ง,separate,V
แบงค์,banknote,N
แบ๊งค์ย่อย,Small bankroll,N
แบตเตอรี่,battery,N
แบน,flat,N
แบบ,type,N
แบบนี้,like this,N
แบบฟอร์ม,form,N
แบบไหน,What kind?,N
โบราณ,ancient,N
โบว์ลิ่ง,bowling,N
โบสถ์,church,N
ใบ,blade,N
ใบกระเพรา,Holy basil leaves,N
ใบขับขี่,driving license,N
ใบตอง,banana leaf,N
ใบมะกรูด,Kaffir lime leaves,N
ใบไม้,leaf,N
ใบร้อย,hundred baht,N
ใบละร้อย,100 baht each,N
ใบละห้า,Five per ticket,N
ใบสั่งยา,prescription,N
ใบเสร็จ,receipt,N
ใบโหระพา,Basil,N
ใบอนุญาตขับขี่,license,N
ปก,cover,N
ปกครอง,rule,V
ปกติ,normal,Adv
ปฏิบัติ,carry out,V
ปฏิเสธ,refuse,V
ปน (กัน),mix (together),V
ประกอบ,assemble,V
ประกอบด้วย,together with,V
ประกัน,guarantee,V
ประกาศ,announce,V
ประจำ,regular,Adv
ประจำเดือน,period,Adv
ประจำวัน,daily,Adv
ประชากร,population,N
ประชาชน,population,N
ประชาธิปไตย,democracy,N
ประชุม,meet,V
ประตู,door,N
ประตูหน้า,front door,N
ประถม,primary,Adj
ประเทศ,country,N
ประเทศไทย,Thailand,N
ประเทศอเมริกา,America,N
ประเทศอังกฤษ,England,N
ประธาน,chairman,N
ประพฤติ,behave,V
ประเพณี,tradition,N
ประเภท,type,N
ประมาณ,about,"V, Prep"
ประมูล,auction,V
ประเมิน,estimate,V
ประเมินผล,Evaluate,V
ประโยค,sentence,N
ประโยชน์,benefit,N
ประวัติศาสตร์,history,N
ประสงค์,wish,V
ประสบ,suffer,V
ประสบการณ์,experience,N
ประสานงาน,coordinate,V
ประหยัด,save,V
ปรับ,adjust,V
ปรับปรุง,amend,V
ปรากฏ,appear,V
ปริญญา,degree,N
ปริมาณ,amount,N
ปรึกษา,consult,V
ปลอกหมอน,pillowcase,N
ปลอดภัย,safe,Adj
ปลอม,counterfeit,V
ปล่อย,release,V
ปลา,fish,N
ปลาทู,mackerel,N
ปลาย,end,N
ปลายเดือน,end of month,N
ปลายปี,end of year,N
ปลาหมึก,squid,N
ปลุก,alarm,V
ปลูก,plant,V
ปวด,pain,Adj
ปวดท้อง,stomach ache,Adj
ปวดฟัน,toothache,Adj
ปวดหลัง,backache,Adj
ปวดหัว,have a headache,Adj
ป่วย,sick,V
ป้องกัน,prevent,V
ป้อน,Enter,V
ปอนด์,pound,N
ปัจจัย,factor,N
ปัจจุบัน,current,N
ปัญหา,problem,N
ปั่น,mix,V
ปั้น,mold,V
ปั่น ,mix ,V
ปั๊ม,pump,V
ปั๊มน้ำมัน,gas station,N
ป่า,forest,N
ป้า,aunt,N
ปาก,mouth,N
ปากกา,pen,N
ปากซอย,mouth of the alley,N
ปากีสถาน,Pakistan,N
ปานามา,Panama,N
ป่าไม้,forest,N
ป้าย,sign,N
ป้ายรถเมล์ ,bus stop ,N
ปิ้ง,Toast,V
ปิด,turn off,V
ปี,year,N
ปี่,Bagpipes,N
ปีก,wing,N
ปีที่แล้ว,last year,N
ปีนี้,This year,N
ปีหน้า,next year,N
ปืน,gun,N
ปืนพก,pistol,N
ปู่,paternal grandfather,N
ปู่ย่าตายาย,Grandparents,N
เป็ด,duck,N
เป็น,is,V
เป็นไข้,have a fever,Adj
เป็นต้น,etc.,Adv
เป็นบางคราว,Occasionally,Adv
เป็นไปได้,possible,Adj
เป็นไปไม่ได้,impossible,Adj
เป็นพิษ,Toxic,Adj
เป็นมิตร,friendly,Adj
เป็นลม,faint,Adj
เป็นโสด,Single,Adj
เป็นหนี้,in debt,V
เป็นห่วง,worry,V
เป็นหวัด,have a cold,Adj
เปรียบเทียบ,compare,V
เปรี้ยว,sour,Adj
เปรี้ยวหวาน,sweet and sour,Adj
เปล่า,nothing,Adj
เปลี่ยน,change,V
เปลี่ยนแปลง,change,V
เปลือก,shell,N
เป้าหมาย,target,N
เปิด,open,V
เปิดบัญชี,open an account,V
เปิดเผย,reveal,V
เปียก,wet,Adj
แป้ง,flour,N
แปด ๘,Eight 8,N
แปดสิบ,Eighty,N
แปรง,brush,N
แปรงฟัน,brush teeth,V
แปรงสีฟัน,toothbrush,N
แปล,translate,V
แปลกใจ,surprised,Adj
แปลง,convert,N
แปลว่า,Meaning,V
โปรแกรม,program,N
โปรด,please,Adv
โปรตุเกส,Portugal,N
ไป,go,V
ไปกลับ,round trip,V
ไปก่อน,Go first.,V
ไปช้อปปิ้ง,go shopping,V
ไปซื้อของ,go shopping,V
ไปด้วย,go with,V
ไปด้วยกัน,Let's go together,V
ไปถึง,to reach,V
ไปเที่ยว,travel,V
ไปธุระ,Going on business,V
ไปนอน,go to sleep,V
ไปเยี่ยม,go visit,V
ไปรษณีย์,post office,N
ไปรับ,pick up,V
ไปส่ง,send,V
ไปหา,go find,V
ผงกะหรี่,Curry powder,N
ผงชูรส,monosodium glutamate,N
ผงซักฟอก,washing powder,N
ผม,hair,N
ผมเอง,It's me,N
ผล,result,N
ผลกระทบ,effect,N
ผลไม้,fruit,N
ผลัก,push,V
ผลิต,manufacture,V
ผลิตภัณฑ์,product,N
ผสม,mix,V
ผอม,thin,Adj
ผัก,vegetable,N
ผักกาด,lettuce,N
ผักกาดหอม,lettuce,N
ผักขม,spinach,N
ผักชี,coriander,N
ผักชีฝรั่ง,parsley,N
ผัด,puff,V
ผัดไทย,Pad Thai,N
ผับ,pub,N
ผัว,husband,N
ผ่า,dissect,V
ผ้า,cloth,N
ผ้ากันเปื้อน,apron,N
ผ้าเช็ดตัว,towel,N
ผ้าเช็ดมือ,Hand towel,N
ผ่าน,pass,V
ผ่าน (ไป),pass (go),V
ผ้าใบ,canvas,N
ผ้าปูโต๊ะ,tablecloth,N
ผ้าปูที่นอน,bedsheet,N
ผ้าฝ้าย,cotton,N
ผ้าพันแผล,bandage,N
ผ้าม่าน,curtain,N
ผ้าห่ม,blanket,N
ผ้าไหม,silk,N
ผิด,wrong,Adj
ผิดกฎหมาย,break the law,Adj
ผิดหวัง,disappointed,V
ผิว,skin,N
ผิวไหม้,sunburn,Adj
ผี,ghost,N
ผีเสื้อ,butterfly,N
ผึ้ง,bee,N
ผู้,person,Prefix
ผูก,tied,V
ผู้กำกับ,Director,N
ผู้จัดการ,manager,N
ผู้ชาย,man,N
ผู้เช่า,Tenant,N
ผู้แต่ง,Author,N
ผู้ปกครอง,parent,N
ผู้ผลิต,manufacturer,N
ผู้พิพากษา,judge,N
ผู้หญิง,woman,N
ผู้ใหญ่,adult,N
เผ็ด,spicy,Adj
เผา,burn,V
เผาศพ,Cremation,V
เผือก,taro,N
เผื่อว่า,supposing,Conj
แผ่น,sheet,N
แผนก,department,N
แผ่นดิน,land,N
แผนที่,map,N
แผล,wound,N
ฝน,rain,N
ฝรั่ง,foreigner,N
ฝรั่งเศส ,France ,N
ฝัง,embed,V
ฝั่ง,bank,N
ฝา,lid,N
ฝาก,deposit,V
ฝากเงิน,Deposit money,V
ฝาผนัง,wall,N
ฝ่าย,cotton,N
ฝ้าย,cotton,N
ฝิ่น,opium,N
ฝี,abscess,N
ฝีมือ,workmanship,N
ฝึก,Practice,V
ฝึกหัด,practice,V
เฝ้า,guard,V
ไฝ,mole,N
พ.ศ.,B.E.,N
พก,carry,V
พจนานุกรม,dictionary,N
พ่น,spit,V
พนักงานเสิร์ฟ,Waiter,N
พบ,meet,V
พบ … กัน,Met … each other,V
พบกัน,see you,V
พม่า ,Myanmar ,N
พยัญชนะ,consonant,N
พยางค์,syllable,N
พยาธิ,parasite,N
พยาน,witness,N
พยาบาล,nurse,N
พยายาม,try,V
พรม,carpet,N
พร้อม,ready,Adv
พร้อมกัน,together,Adv
พระ,monk,N
พระจันทร์,moon,N
พระพุทธรูป,Buddha statue,N
พระอาทิตย์,sun,N
พริก,bitter,N
พริกไทย,black pepper,N
พรุ่งนี้,tomorrow,N
พรุ่งนี้เช้า,tomorrow morning,N
พฤศจิกายน,November,N
พฤษภาคม,May,N
พลอย,gem,N
พลังงาน,energy,N
พลาสติก,plastic,N
พลาสเตอร์,Plaster,N
พวก,guys,Prefix
พวกเขา,they,Pronoun
พวกเขาเอง,themselves,Personal Pronoun
พวกนี้,These,N
พวกเรา,we,N
พอ,enough,Adj
พ่อ,father,N
พอ + verb + ได้ ,Enough + verb + able ,Adj
พ่อค้า,merchant,N
พอใจ,satisfied,Adj
พอใช้ได้,fairly,Adj
พอดี,fit,Adj
พ่อตา,father-in-law,N
พ่อทูนหัว,godfather,N
พ่อม่าย,widower,N
พ่อแม่,parents,N
พ่อเลี้ยง,stepfather,N
พัก,stay,V
พักผ่อน,rest,V
พักร้อน,Vacation,V
พัฒนา,develop,V
พัด,blow,V
พัดลม,fan,N
พัน,thousand,N
พัสดุ,parcel,N
พา,Take,V
พาน,tray,N
พาไป,take away,V
พาย,pie,V
พายุ,storm,N
พาสปอร์ต,Passport,N
พาหนะ,vehicle,N
พิง,lean,V
พิจารณา,consider,V
พิธี,ceremony,N
พิพิธภัณฑ์,museum,N
พิมพ์,print,V
พิมพ์ดีด,typewriter,V
พิเศษ,special,Adj
พิษ,venom,N
พี่,elder sibling,N
พี่เขย,Brother-in-law,N
พี่ชาย,elder brother,N
พี่น้อง,sibling,N
พี่สะใภ้,sister-in-law,N
พี่สาว,elder sister,N
พืช,plant,N
พื้น,floor,N
พื้นฐาน,basic,N
พุง,Belly,N
พูด,speak,V
พูดเล่น,joking,V
พูดว่า,say,V
เพชร,diamond,N
เพดาน,ceiling,N
เพราะ (ว่า),because),Conj
เพลง,song,N
เพศ,sex,N
เพิ่ง,just,Adv
เพิ่ม,increase,V
เพิ่มขึ้น,more,V
เพิ่มเติม,more,V
เพียง,just,Adv
เพียงพอ,enough,Adv
เพึ่ง,rely on,Adv
เพื่อ,to,Conj
เพื่อที่จะ,in order to,Conj
เพื่อน,friend,N
เพื่อว่า,so that,Conj
แพ้,lose,V
แพง,expensive,Adj
แพะ,goat,N
ไพ่,card,N
ฟรี,free,Adj
ฟ้อง,sue,V
ฟองน้ำ,sponge,N
ฟักทอง,pumpkin,N
ฟัง,listen,V
ฟังเพลง,listen to music,V
ฟัน,tooth,N
ฟ้า,sky,N
ฟาง,straw,N
ฟินแลนด์,Finland,N
ฟิล์ม,film,N
ฟิลิปปินส์,Philippines,N
ฟุต,foot,N
แฟน,sweetheart,N
แฟ้บ,Flat,N
แฟ้มข้อมูล,data file,N
ไฟ,electricity,N
ไฟเขียว,green light,N
ไฟฉาย,torch,N
ไฟแดง ,red light ,N
ไฟฟ้า,electricity,N
ภรรยา,wife,N
ภริยา,wife,N
ภัตตาคาร,restaurant,N
ภาค,sector,N
ภาคใต้,South,N
ภาคเหนือ,the North,N
ภาคอีสาน,Northeastern region,N
ภาพ,picture,N
ภาพยนต์,Movies,N
ภายนอก,external,"Adj, Adv"
ภายใน,inside,"Adj, Adv"
ภายในประเทศ,within the country,"Adj, Adv"
ภายหลัง,after,Conj
ภาวะ,condition,N
ภาษา,language,N
ภาษาไทย,Thai language,N
ภาษาอังกฤษ,English,N
ภาษี,tax,N
ภูเขา,mountain,N
ภูมิใจ,proud,Adj
ภูมิศาสตร์,geography,N
เภสัช,Pharmacy,N
มกราคม,January,N
มด,ant,N
มนุษย์,human,N
มรสุม,storm,N
มลายู ,Malay ,N
ม่วง,purple,"N, adj"
มวน,roll,"N, Class"
มหาวิทยาลัย,university,N
มหาสมุทร,ocean,N
มอง,look,V
มองดู,look,V
มองหา,looking for,V
มองเห็น,see,V
มอเตอร์ไซค์,motorcycle,N
มะขาม,tamarind,N
มะเขือ,eggplant,N
มะเขือเทศ,tomato,N
มะนาว,lemon,N
มะพร้าว,coconut,N
มะม่วง,mango,N
มะรืนนี้,The day after tomorrow,N
มะเร็ง,cancer,N
มะละกอ,papaya,N
มักจะ,usually,Adv
มังคุด,mangosteen,N
มัดจำ,Deposit,V
มัธยม,secondary school,N
มัน,it,Pronoun
มั่นคง,secure,Adj
มั่นใจ,confident,Adj
มันทอด,Fried potatoes,N
มันเทศ,yam,N
มันฝรั่ง,wish,N
มัสตาร์ด,mustard,N
มา,come,V
ม้า,horse,N
มาก,a lot,Adj
มากกว่า,more than,Adj
มากขึ้น,more,Adj
มากมาย,lots,Adj
มาก่อน,come first,Adv
มาจาก,come from,V
มาตรฐาน,standard,N
มาถึง,arrive,V
มาถึง,arrive,V
มาเที่ยว,Come visit,V
ม่าน,curtain,N
มานาน,for a long time,V
มาเยี่ยม ,Come visit ,V
มารยาท,manners,N
มารับ,come pick me up,V 
มาลาเรีย,malaria,N
มาเลเซีย,Malaysia,N
มาหา,Come find me.,V
มิถุนายน,June,N
มี,have,V
มีคน,There are people,N
มีความสุข,be happy,Adj
มีค่า,valuable,Adj
มีชื่อเสียง,reputable,Adj
มีด,knife,N
มีดโกน,razor,N
มีแต่,There is only,V
มีท้อง ,Pregnant ,V
มีธุระ,I'm busy.,Adj
มีนัด,Have an appointment,V
มีนาคม,March,N
มีน้ำใจ,Be considerate,Adj
มีราคา,There is a price.,Adj
มีลูก,Have a child,Adj
มืด,dark,Adj
มือ,hand,N
มือขวา,forte,N
มือถือ,Mobile phone,N
มือสอง,second hand,N
มือใหม่,rookie,N
มุ้ง,net,N
มุ้งลวด,mosquito wire screen,N
มุม,corner,N
เมฆ,cloud,N
เม็ด,grain,N
เมตร,m.,N
เมนู,menu,N
เมล็ด,seed,N
เมษายน,April,N
เมา,drunk,Adj
เมาส์,Mouse,N
เมาเหล้า,drunk,Adj
เมีย,wife,N
เมียน้อย,mistress,N
เมียหลวง,Royal wife,N
เมื่อ,when,Conj
เมื่อก่อน,before,Adv
เมื่อกี้,a moment ago,Adv
เมื่อกี้นี้,Just now,Adv
เมื่อคืน,last night,Adv
เมื่อคืนนี้,last night,Adv
เมือง ,city ,N
เมืองไทย,Thailand,N
เมืองนอก,Foreign country,N
เมืองหลวง,capital,N
เมื่อเช้านี้,this morning,Adv
เมื่อตะกี้,just now,Adv
เมื่อไร,when,Adv
เมื่อวาน (นี้),yesterday (this),Adv
เมื่อวานซืนนี้,the day before yesterday,Adv
เมื่อไหร่,when,Conj
แม่,mother,N
แม่ครัว,cook,N
แม่ค้า,female trader,N
แม่ชี,nun,N
แม่น้ำ,river,N
แม่บ้าน,maid,N
แม่ม่าย,widow,N
แม่ยาย,Mother-in-law,N
แมลง,insect,N
แมลงวัน,fly,N
แมลงสาบ,cockroach,N
แมว,cat,N
แม้ว่า,although,Conj
โมง,hour,N
โมโห,angry,Adj
ไม่,no,"V, Aux"
ไม้,wood,N
ไม่ ... เท่าไร,No... how much?,Adj
ไม่ ... เลย,not at all,Adv
ไม้กวาด,broom,N
ไม่เกี่ยว,Not related,Adj
ไม้ขีด,matches,N
ไม้แขวนเสื้อ,coat hanger,N
ไม่ค่อย (จะ),rarely (will),Adv
ไม่เคย,never,Adv
ไม้จิ้มฟัน,Toothpick,N
ไม่ชอบ,do not like,V
ไม่ใช่,no,V
ไม่ดี,not good,Adj
ไม่ได้,cannot,V
ไม่ต้อง,do not need,V
ไม่ติด,Not stuck,V
ไม่ถูก,Not cheap,Adj
ไม่ทัน,Not in time,Adj
ไม่น่า,Not likely.,Adj
ไม่นาน,not long,Adv
ไม่น่าล่ะ,It shouldn't be.,Adv
ไม้บรรทัด,ruler,N
ไม่บ่อย,Not often,Adv
ไม้ประดับ,ornamental plant,N
ไม่เป็น,I don't know how.,"V, Aux"
ไม่เป็นไร,nevermind,Adj
ไม่มากนัก - ไม่นัก,Not much - Not much,Adv
ไม่มี,do not have,V
ไม่มีความสุข,unhappy,Adj
ไม่มีใคร,no one,Adj
ไม่มีที่ไหน,Nowhere,Adj
ไม่มีแรง,No energy,Adj
ไม่มีวัน,never,Adj
ไม่มีอะไร,do not have anything,Adj
ไมล์,mile,N
ไม่เลย,not at all,Adv
ไม้เลื้อย,creeper,N
ไม่ว่าง,unavailable,Adj
ไม่ว่าอะไร,No matter what,Adv
ไม่สบาย,unwell,Adj
ไม่สบายใจ,Uneasy,Adj
ไม้สัก,Teak,N
ไม่สุก,not ripe,Adj
ไม่ใส่,Don't wear it.,Adj
ไม่เห็นด้วย,Disagree,Adj
ไม่ไหว,I can't take it.,Adj
ยก,lift,V
ยกย่อง,praise,V
ยกเว้น,except,Prep
ย่อง,sneak,V
ย้อน,Rewind,V
ยอม,I agree.,Adj
ยอมรับ,accept,V
ยอมให้,allow,V
ยักษ์,giant,N
ยัง,not yet,Adv
ยังไง ,how ,Adv
ยังไงก็ตาม,Anyway,Conj
"ยังไม่ได้ , ยังไม่ถึง ??","Not yet, not yet ??",Adv phrase
ยังไร,Anyway?,Adv phrase
ยับ,wrinkled,Adj
ยา,drug,N
ย่า,paternal grandmother,N
ยาก,difficult,Adj
ยากจน,poor,Adj
ยากันยุง,Mosquito repellent,N
ยาคุม,birth control pills,N
ยาง,rubber,N
ยางลบ,eraser,N
ยาทา,Ointment,N
ยาม,guard,N
ยาเม็ด,pills,N
ย้าย,maternal grandmother,V
ยาย ,move ,N
ยายทวด,Great-grandmother,N
ย้ายมาอยู่,Move in,V
ยาว,long,Adj
ยาสีฟัน,toothpaste,N
ยาเสพติด,narcotics,N
ยาหม่อง,balm,N
ยาอม,lozenge,N
ยำสลัด,Salad salad,N
ยิง,shoot,V
ยิ่ง,more,Adj
ยินดี,pleased,Adj
ยิ้ม,smile,V
ยี่,Yi,N
ยี่สิบ,twenty,N
ยี่สิบสอง,twenty two,N
ยี่สิบเอ็ด,twenty one,N
ยี่ห้อ,brand,N
ยึด,seize,V
ยืน,stand,V
ยืนยัน,confirm,V
ยืม,borrow,V
ยุง,mosquito,N
ยุ่ง,busy,Adj
ยุติธรรม,fair,N
ยุโรป ,Europe ,N
เย็น,cool,Adj
เย็นนี้,This evening,N
เย็นวันอาทิตย์,Sunday evening,N
เย็บ,sew,V
เยอรมัน ,German ,N
เยอะ,a lot,Adj
เยอะแยะ,oodles,Adj
เยี่ยม,visit,V
แย่,badly,Adj
แยก,separate,V
รถ,car,N
รถด่วน,express bus,N
รถติด,traffic jam,Adj
รถตู้,van,N
รถทัวร์,tour bus,N
รถแท็กซี่,taxi,N
รถธรรมดา,Ordinary car,N
รถบัส,bus,N
รถพยาบาล,ambulance,N
รถไฟ,train,N
รถไฟใต้ดิน,subway,N
รถไฟฟ้า,sky train,N
รถเมล์,bus,N
รถยนต์,car,N
รถแอร์,Air conditioned car,N
รบ,battle,V
รบกวน,annoy,V
ร่ม,umbrella,N
รวดเร็ว,fast,Adj
รวบรวม,compile,V
รวม,together,V
ร่วม,join,V
ร่วมมือ,Cooperate,V
รวย,rich,Adj
รส,flavor,N
รสชาติ,taste,N
รหัส,code,N
รหัสไปรษณีย์,zip code,N
รอ,wait,V
ร้อง,cry,V
รองเท้า,shoe,N
รองเท้าแตะ,sandals,N
ร้องเพลง,sing,V
ร้องเรียน,appeal,V
ร้องไห้,cry,V
ร้อน,hot,Adj
ร้อนอบอ้าว,It's hot and stuffy.,Adj
"รอบ, รอบๆ","around, around","Adj, Adv"
รอย,trace,N
ร้อย,hundred,N
ร้อยละ,percentage,N
ระฆัง,bell,N
ระงับ,Suspended,V
ระดับ,level,N
ระบบ,system,N
ระบอบ,Regime,N
ระบุ,specify,V
ระเบิด,blast,N
ระเบียง,balcony,N
ระเบียบ,order,N
ระยะ,phase,N
ระยะเวลา,period,N
ระลึก,commemorative,V
ระวัง,be careful,Adj
ระหว่าง,between,"Conj, Prep"
รัก,love,V
รักษา,treat,V
รัง,nest,N
รังนก,Bird's nest,N
รัฐ,state,N
รัฐธรรมนูญ,constitution,N
รัฐบาล,government,N
รัฐมนตรี,minister,N
รับ,receive,V
รับประกัน,guarantee,V
รับประทาน,eat,V
รับผิดชอบ,be responsible,Adj
รั่ว,leak,V
รัสเซีย,Russia,N
ราคา,price,N
ร่าง,draft,N
ร่างกาย,body,N
รางวัล,reward,N
ราชการ,service,N
ร้าน,store,N
ร้านกาแฟ,coffee shop,N
ร้านขายของ ,shop ,N
ร้านขายยา ,pharmacy ,N
ร้านขายหนังสือ,book store,N
ร้านขายอาหาร,food store,N
ร้านตัดผม ,barber shop ,N
ร้านตัดเสื้อ,tailor shop,N
ร้านเสริมสวย,beauty salon,N
ร้านหนังสือ,bookstore,N
ร้านอาหาร,restaurant,N
รายการ,list,N
รายงาน,report,V
รายได้,income,N
ร่าเริง,cheerful,Adj
ราว,about,Adv
ราศี,zodiac,N
รำลึก,recapture,V
ริม,edge,N
ริมฝีปาก,lips,N
รีด,Iron,V
รีบ,Hurry,Adj
รึ,Or?,Conj
รื้อ,dismantle,V
รุ่น,model,N
รุ่นพี่,Senior,N
รุนแรง,severe,Adj
รู้,know,V
รู้จัก,know,V
รูป,photo,N
รูปถ่าย,photograph,N
รูปแบบ,type,N
รูปภาพ,picture,N
รู้เรื่อง,know about,V
รู้ว่า,know that,V
รู้สึก,feel,V
"เร็ว, เร็วๆ","quickly, quickly","Adj, Adv"
เร็วๆนี้,recently,Adv
"เรา, พวกเรา","we, us",Pronoun
เราทั้งหมด,we all,Pronoun
เริ่ม,start,V
เรียก,call,V
เรียกว่า,called,V
เรียน,learn,V
เรียนรู้,learn,V
เรียบ,smooth,Adj
เรียบร้อย,tidy,Adj
เรือ,ship,N
เรื่อง,subject,N
เรือน,house,N
เรื่อยๆ,continuously,"Adj, Adv"
เรือหางยาว,Long tail boat,N
แรก,first,Adv
แรง,force,N
แรงงาน,labor,N
แรงเทียน,candlepower,N
แรด,rhinoceros,N
แรม,RAM,N
โรค,disease,N
โรคบิด,dysentery,N
โรคหัวใจ,Heart disease,N
โรง,theater,N
โรงงาน ,factory ,N
โรงพยาบาล,hospital,N
โรงพัก,police station,N
โรงรถ,garage,N
โรงเรียน,school,N
โรงเรียนอนุบาล,Kindergarten,N
โรงแรม,hotel,N
โรงละคร,Theater,N
โรงหนัง,cinema,N
โรงอาหาร,canteen,N
ไร,What?,Suffix
ไร่,farm,N
ฤดู,season,N
ฤดูใบไม้ผลิ,spring,N
ฤดูใบไม้ร่วง,fall,N
ฤดูฝน,rainy season,N
ฤดูร้อน,summer,N
ฤดูหนาว,winter,N
ลง,go down,V
ลงทะเบียน,register,V
ลงทุน,invest,V
ลงมา,come down,Adv
ลด,reduce,V
ลดลง,reduce,V
ล้น,overflow,V
ลบ,delete,V
ลม,wind,N
ล้ม,fall,V
ลวก,roughly,V
ล่วงหน้า,in advance,Adv
ลวด,wire,N
ลวดลาย,pattern,N
ล้อ,wheel,N
ลอง,try,V
ลองดู,Try it out.,V
ลองใส่,Try it on.,V
ลอย,float,V
ละ,per,Adv
ล่ะ,So?,Particle
ละคร,drama,N
ละมุด,Sapodilla,N
ละอาย,Ashamed,Adj
ลักทรัพย์,burglary,V
ลักษณะ,nature,N
ลัทธิ,doctrine,N
ลา,donkey,V
ลาก่อน,goodbye,V
ล่าง,lower,"Adj, Adv"
ล้าง,wash,V
ล้างน้ำ,Wash with water,V
ล้าน,million,N
ล่าม,interpreter,N
ลาย,striped,N
ลายเซ็น,signature,N
ลาว ,Laos ,N
ลาออก,resign,V
ลำดับ,number,N
ลำบาก,difficult,Adj
ลำไย,longan,N
ลิง,monkey,N
ลิตร,liter,N
ลิ้น,tongue,N
ลิ้นจี่,Lychee,N
ลิ้นชัก,drawer,N
ลึก,deep,Adj
ลืม,forget,V
ลุก,Get up,V
ลุกขึ้น,Get up,V
ลุง,uncle,N
ลูก,child,N
ลูกกุญแจ,key,N
ลูกเกด,currant,N
ลูกเขย,son-in-law,N
ลูกครึ่ง,half-caste,N
ลูกค้า,customer,N
ลูกจ้าง,employee,N
ลูกชาย,son,N
ลูกชิ้น,meatball,N
ลูกบอล,ball,N
ลูกปืน,ball bearings,N
ลูกพี่ลูกน้อง,cousin,N
ลูกสะใภ้,Daughter-in-law,N
ลูกสาว,daughter,N
ลูกหนี้,debtor,N
ลูพี่ลูกน้อง,Cousin Lou,N
เล็ก,small,Adj
เลข,number,N
เลขที่,number,N
เลขา,secretary,N
เลขานุการ,secretary,N
เล่น,play,V
เล็บ,nail,N
เล็บเท้า,Toenails,N
เล็บมือ,Fingernails,N
เล่ม,book,"Class, N"
เลย,at all,Adv
เลว,bad,Adv
เล่า,tell,V
เลิก,finish,V
เลี้ยว,Turn,V
เลี้ยวขวา,Turn right,V
เลี้ยวซ้าย,Turn left,V
เลือก,choose,V
เลือกตั้ง,vote,V
เลือด,blood,N
แลก,Exchange,V
แล้ว,already,Adv
แล้วก็,And then,Conj
แล้วแต่,up to you,"Conj, Prep"
แล้วเลี้ยว,then turn,V
และ,and,Conj
โล,Lo,N
โลก,word,N
โลหะ,metal,N
ไล่,Chasing,V
ไล่ออก,sack,V
วงกลม,circle,N
วงจร,cycle,N
วงเวียน,roundabout,N
วรรณกรรม,literature,N
วรรณคดี,literature,N
วัฒนธรรม,culture,N
วัด,measure,N
วัตถุ,object,N
วัตถุประสงค์,objective,N
วัน,day,N
วันเกิด,birthday,N
วันจันทร์,Monday,N
วันที่,date,N
วันธรรมดา,Weekdays,N
วันนี้,today,N
วันพฤหัส,Thursday,N
วันพฤหัสบดี,Thursday,N
วันพุธ,Wednesday,N
วันเว้นวัน,every other day,N
วันศุกร์,Friday,N
วันเสาร์,Saturday,N
วันหยุด,day off,N
วันหลัง,the next day,N
วันอังคาร,Tuesday,N
วันอาทิตย์,Sunday,N
วัยรุ่น,teenager,N
วัว,cow,N
วา,Wa,N
ว่า,that,V
วาง,place,V
ว่าง,free,Adj
วาจา,speech,N
วาน,yesterday,Prefix
ว่ายน้ำ,swim,V
วิเคราะห์,analyze,V
วิ่ง,run,V
วิจัย,research,V
วิชา,subject,N
วิชาชีพ,profession,N
วิญญาณ,spirit,N
วิตก,Anxious,V
วิทยา,science,N
วิทยาศาสตร์,science,N
วิทยุ,radio,N
วิธี,way,N
วิธีการ,way,N
วินาที,second,N
วิวัฒนาการ,evolution,N
วิศวกร,engineer,N
วิสกี้,whiskey,N
วีซ่า,visa,N
เวที,stage,N
เว้น,except,V
เว้นแต่,unless,"Conj, Prep"
เวฟ,Wave,N
เวลา,time,N
เวลาดี - มงคล,Good time - auspicious,N
เวลานี้,this time,N
เวียดนาม ,Vietnam ,N
เวียนหัว,dizzy,Adj
แว่น,glasses,N
แว่นตา,glasses,N
แวะ,Stop by,V
ไว,Fast,Adj
ไว้,hold,V
ไว้ใจ,trust,V
ไวน์,wine,N
ไวไฟ,inflammable,Adj
ศพ,body,N
ศรัทธา,faith,N
ศอก,elbow,N
ศัตรู,enemy,N
ศาล,court,N
ศาลา,pavilion,N
ศาสตร์,science,N
ศาสนา,religion,N
ศาสนาคริสต์,Christianity,N
ศาสนาพุทธ,Buddhism,N
ศาสนายิว,Judaism,N
ศาสนาอิสลาม,Islam,N
ศิลปะ,art,N
ศีล,canon,N
ศึก,battle,N
ศึกษา,study,V
ศูนย์,center,N
ศูนย์การค้า,shopping center,N
เศรษฐกิจ,economy,N
เศร้า,beard,Adj
เศษ,scrap,N
เศษสตางค์,penny,N
สกปรก,dirty,Adj
ส่ง (ไป),send (to),V
สงคราม,war,N
ส่งจดหมาย,Send a letter,V
สงบ,peaceful,N
ส่งไป,Send it,V
สงสัย,wonder,Adj
สงสาร,feel sorry,V
ส่งเสริม,promote,V
ส่งออก,export,V
สด,fresh,Adj
สดใส,bright,Adj
สตางค์,satang,N
สติ,consciousness,N
สถานการณ์,situation,N
สถานที่,location,N
สถานทูต,embassy,N
สถานี,station,N
สถานีตำรวจ,police station,N
สถานีรถไฟ,train station,N
สถาบัน,institution,N
สถาปนา,establish,V
สถิติ,statistics,N
สนใจ,interested,V
สนทนา,talk,V
สนาม,stadium,N
สนามกีฬา,sports stadium,N
สนามบิน,airport,N
สนามม้า,horse racetrack,N
สนุก,fun,Adj
สบาย,comfortable,Adj
สบายๆ ,Take it easy ,Adj
สบายใจ,relaxed,Adj
สบายดี,fine,Adj
สบู่,soap,N
สบูลักส์,Sbuluks,N
สบู่หอม,Scented soap,N
สบู่เหลว,liquid soap,N
สปอร์ตคลับ,Sports Club,N
สเปน,Spain,N
สภา,council,N
สภาพ,condition,N
ส้ม,orange,N
ส้มเขียวหวาน,Tangerine,N
ส้มตำ,papaya salad,N
สมบูรณ์,complete,Adj
สมอง,brain,N
ส้มโอ,pomelo,N
สมัคร,apply,V
สมัย,period,N
สมัยก่อน,In the past,N
สมัยนี้,Nowadays,N
สมัยใหม่,modern,N
สมาคม,association,N
สมาชิก,member,N
สมุด,notebook,N
สโมสร,club,N
สร้อยคอ,necklace,N
สระ (ผม),wash hair),V
สระว่ายน้ำ,swimming pool,N
สร้าง,build,V
สรุป,summarize,V
สลบ ,Passed out ,V
สลัด,salad,N
สวดมนต์,pray,V
ส่วน,part,N
สวน ,garden ,N
ส่วนตัว,personal,"Adj, Adv"
ส่วนมาก,Mostly,Adv
สวนสัตว์,zoo,N
ส่วนใหญ่,mostly,N
สวม,wear,V
ส้วม,closet,N
สวย,beautiful,Adj
สวัสดิการ,welfare benefit,N
สวัสดี,hello,V
สว่าง,bright,Adj
สวิตเซอร์แลนด์,Switzerland,N
สวิส ,swiss ,N
สวีเดน,Sweden,N
สหประชาชาติ ,United Nations ,N
สหรัฐ,United States,N
สหรัฐอเมริกา,United States of America,N
สอง ๒,Two 2,N
สองแถว,Two rows,N
สองพัน,Two thousand,N
สอน,teach,V
สอนหนังสือ,Teaching,V
สอบ,take a test,V
สอบสวน,investigate,V
ส้อม,fork,N
สะดวก,convenient,Adj
สะดือ,navel,N
สะพาน,bridge,N
สะพานลอย,overpass,N
สะใภ้,Daughter-in-law,N
สะอาด,clean,Adj
สัก,tattoo,Adv
สักครู่,a moment,Adv
สั่ง,order,V
สังเกต,notice,V
สังคม,society,N
สั่งซื้อ,Order,V
สัญญา,contract,V
สัดส่วน,proportion,N
สัตว์,animal,N
สัตว์เลี้ยง,Pets,N
สั่น,shake,V
สั้น,short,Adj
สับปะรด,pineapple,N
สับสน,confused,Adj
สัปดาห์,week,N
สัมผัส,touch,V
สัมภาษณ์,interview,V
สาขา,branch,N
สาด,splash,V
สาธารณะ,public,N
สาม ๓,Three 3,N
สามแยก,Intersection,N
สามล้อ,tricycle,N
สามวันก่อน,Three days ago,N
สามสิบ,thirty,N
สามสิบเอ็ด,Thirty-one,N
สามเหลี่ยม,triangle,N
สามารถ,can,Helping V
สามี,husband,N
สาย,line,N
สายกลาง,Middle line,N
สายตา,sight,N
สารภาพ,confess,V
สาว,girl,N
สำคัญ,important,Adj
สำนักงาน,office,N
สำรวจ,explore,V
สำเร็จ,succeed,V
สำเร็จรูป,ready made,N
สำหรับ,for,Prep
"สิ, ซิ","Si, Si",Particle
สิ่ง,thing,N
สิ่งของ,things,N
สิงคโปร์,Singapore,N
สิงโต,lion,N
สิงหาคม,August,N
สิทธิ,Rights,N
สิ้น,end,V
สินค้า,product,N
สิ้นเดือน,End of month,N
สิ้นปี,End of the year,N
สิบ,ten,N
สิบเก้า,nineteen,N
สิบเจ็ด,seventeen,N
สิบแปด,Eighteen,N
สิบล้าน,Ten million,N
สิบสอง,twelve,N
สิบสาม,thirteen,N
สิบหก,sixteen,N
สิบห้า,fifteen,N
สิบเอ็ด,eleven,N
สิว,acne,N
สี,color,N
สี่ ๔,four 4,N
สีขาว,white,N
สีเขียว,green,Adj
สีเขียวอ่อน,light green,Adj
สีคราม,Indigo,Adj
สีคล้ำ,Dark color,Adj
สีเงิน,silver color,Adj
สีชมพู,pink,Adj
สีดำ,black,Adj
สีแดง,red,Adj
สีแดงเข้ม,dark red,Adj
สีตก,Discoloration,Adj
สีทอง,gold color,Adj
สีเทา,grey,Adj
สีน้ำเงิน,blue,Adj
สีน้ำตาล,brown,Adj
สีผม,Hair color,N
สีฟัน,Tooth color,V
สีฟ้า,light blue,Adj
สีม่วง,purple,Adj
สีไม่สด - สีหม่น,Color not bright - dull color,Adj
สี่แยก,intersection,N
สีส้ม,orange,Adj
สี่สิบ,forty,N
สีแสด,scarlet color,Adj
สีเหลือง,yellow,Adj
สีเหลืองอ่อน,light yellow,Adj
สีอ่อน,light color,Adj
สืบ,spy,V
สื่อ,media,V
สื่อสาร,communicate,V
สุก,ripe,Adj
สุขใจ,delight,Adj
สุขภาพ,health,N
สุขภาพดี,healthy,Adj
สุขภาพไม่ดี,poor health,Adj
สุด,end,Adj
สุดท้อง,youngest,Adj
สุดท้าย,last,Adj
สุนัข,dog,N
สุภาพ,polite,Adj
สุภาพสตรี,Ladies,N
สุรา,spirits,N
สู้,fight,V
สูง,high,Adj
สูงสุด,maximum,Adj
สูตร,formula,N
สูบ,pump,V
สูบบุหรี่,smoking,V
เส้น,line,N
เส้นทาง,route,N
เส้นหมี่,Vermicelli,N
เส้นใหญ่,Twine,N
เสมอ,always,Adv
เสร็จ,finish,V
เสาร์อาทิตย์,"Saturday, Sunday",N
เสาร์อาทิตย์นี้,"This Saturday, Sunday",N
เสีย,broken,"V, Adj"
เสียง,sound,N
เสียงดัง,loud,Adj
เสียงสูงต่ำ,intonation,Adj
เสียใจ,sad,Adj
เสียดาย,sorry,Adj
เสียว,Thrilling,V
เสียหน้า,Lose face,Adj
เสียหาย,damaged,Adj
เสือ,tiger,N
เสื่อ,mat,N
เสื้อ,shirt,N
เสื้อกางเกง,shirt pants,N
เสื้อแขนยาว,long-sleeved shirt,N
เสื้อชั้นใน,bra,N
เสื้อเชิ้ต,shirt,N
เสือดาว,leopard,N
เสื้อผ้า,clothes,N
เสื่อม,decline,V
เสื้อยืด,t-shirt,N
เสื้อหนาว,winter coat,N
แสด,show,Adj
แสดง,show,V
แสตมป์,stamp,N
แสน,hundred thousand,N
แสบ,keen,Adj
โสด,single,N
ใส,clear,Adj
ใส่,wear,V
ใส่ถุง,bag,V
ไส้,core,N
ไส้กรอก,sausage,N
ไสตล์,Style,N
หก,six,N
หกสิบ,Sixty,N
หญ้า,grass,N
หญิง,female,N
หญิงโสด,single woman,N
หด,shrink,V
หน,When,Class
หนวด,moustache,N
หน่อย,bit,Adv
หนัก,heavy,Adj
หนักใจ,worry,Adj
หนัง,skin,N
หนังสือ,book,N
หนังสือพิมพ์,newspaper,N
หนา,thick,Adj
หน้า,page,N
หน้าต่าง,window,N
หน้าที่,duty,N
หน้าผาก,forehead,N
หน้าฝน,Rainy season,N
หน้าร้อน,summer,N
หนาว,cold,Adj
หน้าหนาว,winter,N
หน้าอก,chest,N
หนี,escape,V
หนี้,debt,N
หนึ่ง ๑,One 1,N
หนึ่งคน ,one person ,N
หนึ่งร้อย,one hundred,N
หนุ่ม,boy,N
หนู,mouse,N
หมด,ant,V
หมดสติ,unconscious,Adj
หมดอายุ,expire,Adj
หมวก,hat,N
หมวกกันน็อค,helmet,N
หมอ,doctor,N
หม้อ,pot,N
หมอ ,doctor ,N
หมอน,pillow,N
หมอนวด,Masseuse,N
หมอฟัน,dentist,N
หมัด,punch,N
หมา,dog,N
หมายความว่า,means that,V
หมายถึง,mean,V
หมี,bear,N
หมื่น,ten thousand,N
หมุน,turn,V
หมู,pig,N
หมู่,group,N
หมู่บ้าน,village,N
หย่า,divorce,V
หยาบ,rough,Adj
หยิบ,pick,V
หยุด,stop,V
หยุดพัก,Take a break,V
หรอก,Really?,Adv
หรือ,or,Conj
หรือเปล่า,Or not?,Conj
หรือไม่,or not,Conj
หรือยัง,Or not yet?,Conj
หลวม,loose,Adj
หล่อ,handsome,Adj
หลอก,trick,V
หลอด,bulb,N
หลอดไฟ (ฟ้า),Light bulb (blue),N
หลัก,main,N
หลักสูตร,course,N
หลัง,behind,Adv
หลังคา,roof,N
หลังจาก,after,"Conj, Prep"
หลังจากนั้น,after that,Conj
หลังจากนี้,After this,Conj
หลังอาหาร,after meal,Prep
หลับ,sleep,V
หลา,yard,N
หลาน,grandchild,N
หลานชาย,grandson,N
หลานสาว,granddaughter,N
หลาย,many,Adv
หลายปี,many years,Adv
หลายอย่าง,many things,Adv
หลุม,pit,N
หวัง,hope,V
หวัด,cold,N
หวัดดี,hi,V
หวาน,sweet,Adj
หวี,comb,N
ห่อ,wrap,V
ห้อง,room,N
ห้องกินข้าว,dining room,N
ห้องเก็บของ ,storage room ,N
ห้องครัว ,kitchen ,N
ห้องคู่,double room,N
ห้องเดี่ยว,Single room,N
ห้องทำงาน,office room,N
ห้องธรรมดา,Ordinary room,N
ห้องนอน,bedroom,N
ห้องน้ำ,bathroom,N
ห้องพัดลม,fan room,N
ห้องรับแขก,living room,N
ห้องสมุด,library,N
ห้องอาหาร ,Restaurant ,N
ห้องแอร์,Air conditioned room,N
หอพัก,dormitory,N
หอม,smell good,V
หอย,shellfish,N
ห้อย,hang,V
หอยนางรม,oysters,N
หัก,deduct,V
หัด,measles,V
หัน,Turn,V
หั่น,cut,V
หัว,head,N
หัวเข่า,knee,N
หัวค่ำ,early evening,Adv phrase
หัวใจ,heart,N
หัวเราะ,laugh,V
หัวหน้า,head,N
หัวหอม,onion,N
หา,look for,V
ห้า ๕,five 5,N
หาก,if,Conj
หาง,tail,N
ห่าง,far,"Adj, Adv"
ห้าง,department store,N
ห้างสรรพสินค้า,mall,N
หาเงิน,make money,V
หาเจอ,Found it,V
ห่าน,goose,N
ห้าม,prohibit,V
หาไม่เจอ,Can't find it,V
หาย (ไป),disappear),V
หายใจ,breathe,V
หายใจไม่ออก,Can't breathe,V
หายป่วย,get well,V
ห้าแยก,Intersection,N
หาร,divide,V
หิน,rock,N
หิมะ,snow,N
หิว,hungry,Adj
หิวข้าว,hungry for rice,Adj
หิวน้ำ,Thirsty,Adj
หีบ,chest,N
หุง,cook,N
หุ้น,share,N
หู,ear,N
เหงา,lonely,Adj
เหงื่อ,sweat,N
เหงื่อออก,Sweating,V
เห็ด,mushroom,N
เหตุ,cause,N
เหตุผล,reason,N
เห็น,see,V
เห็นด้วย,agree,V
เห็นด้วย (กับ),agree (with),V
เหนียว,sticky,Adj
เหนือ,above,"Adj, Adv"
เหนื่อย,tired,Adj
เหม็น,smelly,Adj
เหมาะ,suitable,Adj
เหมาะสม,appropriate,Adj
เหมือน,like,Adj
เหมือนกัน,the same,Adj
เหรอ,really?,Adv 
เหรียญ,coin,N
เหล็ก,iron,N
เหลน,Great-grandchild,N
เหลวไหล,fudge,Adj
เหลอ,deadpan,Question particle
เหล้า,alcohol,N
เหล่านั้น,those,N
เหล่านี้,these,N
เหลือ,left,V
เหลือเกิน,exceedingly,Adv
เหลือง,yellow,"N, Adj"
เห่า,bark,V
แห่ง,of,N
แห้ง,dry,Adj
แหล่ง,source,N
แหลม,pointed,Adj
แหวน,ring,N
โหล,dozen,N
ให้,give,V
ให้เช่า,For rent,V
ใหญ่,big,Adj
ใหญ่ๆ,big,Adj
ใหญ่โต ,big ,Adj
ใหม่,new,Adj
ให้ยืม,lend,V
ไหน,which,Adj
ไหนๆ,Where?,Adj
ไหม,silk,Question particle
ไหม้,burn,V
ไหมไทย,Thai silk,N
ไหล,flow,V
ไหล่,shoulder,N
ไหว,I can handle it.,Adj
อก,breast,N
องค์,element,N
องค์การ,organization,N
องศา,degree,N
อด,Starve,V
อธิบาย,explain,V
อนาคต,future,N
อนุญาต,allow,V
อนุบาล,kindergarten,N
อบ,baked,V
อบอุ่น,warm,Adj
อพาร์ทเมนท์,Apartment,N
อเมริกัน ,american ,N
อเมริกา,America,N
อย่า,do not,"V, Aux"
อยาก,want,V
อยากได้,want to have,V
อย่าง,at,N
อย่างน้อย,at least,Adv
อย่างนี้,Like this,Adv
อย่างนี้,Like this,Adv
อย่างแรง,strongly,Adv
อย่างไร ,how ,Adv
อย่างไรก็ตาม,however,Adv
อย่าเพิ่ง,Don't just yet.,V
อยู่,live,V
อยู่ที่ไหน,Where?,V phrae
อร่อย,delicious,Adj
อ้วก ,puke ,V
อวด,flourish,V
อ้วน,fat,Adj
อ้อ,oh,Exclamation
อ๋อ,oh,Exclamation
ออก,leave,V
อ่อก (เงิน),Oh (money),V
ออกกำลัง,exercise,V
ออกกำลังกาย,exercise,V
ออกจาก,leave,V
ออกมา,come out,V
ออกลูก ,pup ,V
ออกเสียง,vote,V
อ่อน,weak,Adj
อ่อนแอ,weak,Adj
ออฟฟิศ,office,N
ออสเตรเลีย ,Australia ,N
ออสเตรีย,Austria,N
อะไร,what,"Pro, Adj"
อะไรก็ได้,anything,Phrase
อะไรนะ,what?,Interrogative 
อะไรบ้าง,What?,Interrogative 
อักษร,letter,N
อักเสบ,Inflammation,Adj
อังกฤษ,England,N
อัด,compress,V
อัตโนมัติ,automatic,Adj
อัตรา,rate,N
อัน,which,"N, Class"
อันตราย,dangerous,Adj
อันนั้น,That one,N
อันนี้,This one,N
อันโน้น,That one,N
อันไหน,Which one?,Pronoun
อา,uncle,N
อาการ,symptom,N
อากาศ,weather,N
อาคาร,building,N
อ่าง,sink,N
อ้างถึง - อ้างอิง,refer to - refer,V
อ่างล้างมือ,sink,N
อ่างล้างหน้า,basin,N
อ่างอาบน้ำ,bath,N
อาจ,might,Helping V
อาจจะ,may,Helping V
อาจารย์,lecturer,N
อาจารย์,lecturer,N
อาเจียน,vomit,V
อาชีพ,occupation,N
อาณาจักร,kingdom,N
อาทิตย์,week,N
อาทิตย์ก่อน,last week,N
อาทิตย์ที่แล้ว,last week,N
อาทิตย์นี้,This week,N
อาทิตย์หน้า,next week,N
อ่าน,read,V
อ่านเล่น,Read for fun,V
อาบน้ำ,shower,V
อายุ,age,N
อายุน้อย,Young age,Adj
อาร์เจนตินา,Argentina,N
อารมณ์,mood,N
อ่าว,bay,N
อาศัยอยู่ - อาศัย,lived - lived,V
อาหรับ,Arab,N
อาหาร,food,N
อาหารกลางวัน,lunch,N
อาหารค่ำ,dinner,N
อาหารจีน,Chinese food,N
อาหารเช้า,breakfast,N
อาหารญี่ปุ่น,Japanese food,N
อาหารเที่ยง,lunch,N
อาหารไทย,Thai food,N
อาหารเป็นพิษ,food poisoning,N
อาหารฝรั่ง,western food,N
อาหารเย็น,dinner,N
อำนาจ,power,N
อำเภอ,district,N
อิตาลี ,Italy ,N
อิทธิพล,Influence,N
อินเดีย ,India ,N
อินโดนีเซีย ,Indonesia ,N
อิ่ม,full,Adj
อิสรภาพ,freedom,N
อิสระ,free,Adj
อิสราเอล,Israel,N
อิหร่าน,Iran,N
อีก,more,"Adj, Ad"
อีกด้วย,Also,Adv
อีกที,One more time,Adv
อีกนาน,For a long time,Adv
อีกหน่อย,A little more,Adv
อีกอันหนึ่ง,another one,Adj
อียิปต์,Egypt,N
อีสาน,northeast,N
อึดอัด,uncomfortable,Adj
อื่น,another,Adj
อื่นๆ,other,Adj
อุณหภูมิ,temperature,N
อุดฟัน,Dental filling,V
อุดหนุน,Subsidize,V
อุตสาหกรรม,industry,N
อุ่น,lukewarm,V
อุปกรณ์,equipment,N
อุ้ม,carry,V
อู่,cradle,N
เอก,major,N
เอกชน,private,N
เอกสาร,document,N
เอกอัครราชทูต,ambassador,N
เอง,myself,"Pron, Adv"
เอเซีย ,Asia ,N
เอ็ด,Ed,N
"เอดส์, โรคเอดส์","AIDS, AIDS",N
เอว,waist,N
เออ,Yes!,Interjection
เอา,take,V
เอาไป,Take it away.,V
เอามา,Bring it.,V
เอาไหม,Do you want it?,V
เอาออก,remove,V
แอบ,hide,V
แอบกิน,Secretly eating,V
แอบดู,Peeping,V
แอปเปิล,apple,N
แอฟริกา,Africa,N
แอร์,air conditioner,N
โอกาส,chance,N
โอเค,okay,Adj
โอน,transfer,V
โอเลี้ยง,Oliang,N
ฮ่องกง ,Hong Kong ,N
ฮอลันดา,Dutch,N
ฮะ,Ha!,Adv
ฮ่ะ,Yep!,Adv
ฮัลโหล,hello,V
แฮม,ham,N